transaction_id,date,amount,type,status,merchant,vendor,settlement_id,settlement_amount,fee,refund_amount,invoice_id,customer,due_date,payment_status,category,department,currency
TXN-00001,2026-04-12,23722.7,expense,completed,Merchant 21,Vendor 2,SET-00001,22299.34,427.01,1186.13,INV-00001,Customer 5,2026-10-20,pending,Travel,Finance,INR
TXN-00002,2026-01-15,9459.38,revenue,completed,Merchant 17,Vendor 7,SET-00002,9459.38,170.27,0,INV-00002,Customer 3,2026-09-03,paid,Sales,Sales,INR
TXN-00003,2026-01-24,2211.46,expense,completed,Merchant 18,Vendor 14,SET-00003,2211.46,39.81,0,INV-00003,Customer 4,2026-10-20,pending,Travel,Finance,INR
TXN-00004,2026-06-11,23712.52,revenue,completed,Merchant 21,Vendor 19,SET-00004,23712.52,426.83,0,INV-00004,Customer 4,2026-10-04,paid,Travel,Sales,INR
TXN-00005,2026-02-26,1714.94,expense,completed,Merchant 2,Vendor 18,SET-00005,1714.94,30.87,0,INV-00005,Customer 9,2026-09-16,pending,Sales,Finance,INR
TXN-00006,2026-05-27,13746.8,revenue,completed,Merchant 10,Vendor 18,SET-00006,13746.8,247.44,0,INV-00006,Customer 44,2026-09-09,paid,Software,Sales,INR
TXN-00007,2026-05-21,9623.74,revenue,completed,Merchant 23,Vendor 3,SET-00007,9623.74,173.23,0,INV-00007,Customer 37,2026-09-01,paid,Travel,Sales,INR
TXN-00008,2026-05-17,12662.16,revenue,completed,Merchant 14,Vendor 11,SET-00008,12662.16,227.92,0,INV-00008,Customer 30,2026-10-05,paid,Sales,Sales,INR
TXN-00009,2026-07-23,7844.29,expense,completed,Merchant 6,Vendor 8,SET-00009,7844.29,141.2,0,INV-00009,Customer 6,2026-10-04,pending,Marketing,Finance,INR
TXN-00010,2026-07-06,21940.87,expense,completed,Merchant 15,Vendor 10,SET-00010,21940.87,394.94,0,INV-00010,Customer 39,2026-09-02,pending,Software,Finance,INR
TXN-00011,2026-03-29,4541.57,expense,completed,Merchant 5,Vendor 16,SET-00011,4541.57,81.75,0,INV-00011,Customer 27,2026-08-31,pending,Payroll,Finance,INR
TXN-00012,2026-05-27,19231.99,revenue,completed,Merchant 26,Vendor 11,SET-00012,19231.99,346.18,0,INV-00012,Customer 22,2026-10-12,paid,Marketing,Sales,INR
TXN-00013,2026-04-27,14707.43,expense,completed,Merchant 3,Vendor 3,SET-00013,14707.43,264.73,0,INV-00013,Customer 18,2026-09-28,pending,Payroll,Finance,INR
TXN-00014,2026-06-29,1986.4,revenue,completed,Merchant 10,Vendor 19,SET-00014,1986.4,35.76,0,INV-00014,Customer 44,2026-10-20,paid,Sales,Sales,INR
TXN-00015,2026-08-16,18057.38,expense,completed,Merchant 22,Vendor 12,SET-00015,18057.38,325.03,0,INV-00015,Customer 2,2026-09-27,pending,Marketing,Finance,INR
TXN-00016,2026-05-07,15467.53,revenue,completed,Merchant 2,Vendor 7,SET-00016,15467.53,278.42,0,INV-00016,Customer 19,2026-09-06,paid,Payroll,Sales,INR
TXN-00017,2026-08-23,10248.49,revenue,completed,Merchant 28,Vendor 16,SET-00017,10248.49,184.47,0,INV-00017,Customer 6,2026-09-08,paid,Sales,Sales,INR
TXN-00018,2026-08-15,13961.28,expense,completed,Merchant 5,Vendor 14,SET-00018,13961.28,251.3,0,INV-00018,Customer 36,2026-09-15,pending,Payroll,Finance,INR
TXN-00019,2026-06-24,24668.44,expense,completed,Merchant 29,Vendor 13,SET-00019,24668.44,444.03,0,INV-00019,Customer 15,2026-09-07,pending,Software,Finance,INR
TXN-00020,2026-06-18,4206.81,revenue,completed,Merchant 8,Vendor 1,SET-00020,4206.81,75.72,0,INV-00020,Customer 32,2026-10-21,paid,Travel,Sales,INR
TXN-00021,2026-01-02,6937.29,revenue,completed,Merchant 5,Vendor 14,SET-00021,6937.29,124.87,0,INV-00021,Customer 35,2026-09-21,paid,Travel,Sales,INR
TXN-00022,2026-06-26,23850.9,expense,completed,Merchant 28,Vendor 17,SET-00022,23850.9,429.32,0,INV-00022,Customer 40,2026-10-09,pending,Payroll,Finance,INR
TXN-00023,2026-08-11,11687.77,revenue,completed,Merchant 25,Vendor 18,SET-00023,11687.77,210.38,0,INV-00023,Customer 26,2026-09-23,paid,Sales,Sales,INR
TXN-00024,2026-06-12,3036.66,expense,completed,Merchant 13,Vendor 2,SET-00024,3036.66,54.66,0,INV-00024,Customer 13,2026-09-02,pending,Operations,Finance,INR
TXN-00025,2026-03-29,4476.43,expense,completed,Merchant 20,Vendor 2,SET-00025,4476.43,80.58,0,INV-00025,Customer 7,2026-08-29,pending,Travel,Finance,INR
TXN-00026,2026-04-04,13647.16,revenue,completed,Merchant 20,Vendor 1,SET-00026,13647.16,245.65,0,INV-00026,Customer 5,2026-10-23,paid,Operations,Sales,INR
TXN-00027,2026-03-06,4139.49,expense,completed,Merchant 12,Vendor 20,SET-00027,4139.49,74.51,0,INV-00027,Customer 24,2026-09-28,pending,Software,Finance,INR
TXN-00028,2026-04-30,21298.95,revenue,completed,Merchant 16,Vendor 16,SET-00028,21298.95,383.38,0,INV-00028,Customer 20,2026-09-03,paid,Operations,Sales,INR
TXN-00029,2026-07-09,18867.01,revenue,completed,Merchant 9,Vendor 16,SET-00029,18867.01,339.61,0,INV-00029,Customer 45,2026-09-08,paid,Travel,Sales,INR
TXN-00030,2026-05-16,5527.77,revenue,completed,Merchant 12,Vendor 5,SET-00030,5527.77,99.5,0,INV-00030,Customer 45,2026-10-02,paid,Software,Sales,INR
TXN-00031,2026-08-10,24473.28,expense,completed,Merchant 3,Vendor 9,SET-00031,24473.28,440.52,0,INV-00031,Customer 34,2026-09-21,pending,Operations,Finance,INR
TXN-00032,2026-05-17,19412.48,expense,completed,Merchant 18,Vendor 17,SET-00032,19412.48,349.42,0,INV-00032,Customer 22,2026-10-08,pending,Operations,Finance,INR
TXN-00033,2026-07-29,20248.93,revenue,completed,Merchant 13,Vendor 8,SET-00033,20248.93,364.48,0,INV-00033,Customer 13,2026-10-01,paid,Sales,Sales,INR
TXN-00034,2026-01-08,18409.6,expense,completed,Merchant 26,Vendor 9,SET-00034,18409.6,331.37,0,INV-00034,Customer 31,2026-09-14,pending,Operations,Finance,INR
TXN-00035,2026-08-28,11457.08,expense,completed,Merchant 24,Vendor 12,SET-00035,11457.08,206.23,0,INV-00035,Customer 24,2026-09-03,pending,Operations,Finance,INR
TXN-00036,2026-02-20,6057.72,revenue,completed,Merchant 11,Vendor 7,SET-00036,6057.72,109.04,0,INV-00036,Customer 31,2026-10-07,paid,Travel,Sales,INR
TXN-00037,2026-06-17,12247.1,revenue,completed,Merchant 12,Vendor 3,SET-00037,12247.1,220.45,0,INV-00037,Customer 43,2026-09-05,paid,Sales,Sales,INR
TXN-00038,2026-02-15,12211.8,revenue,completed,Merchant 14,Vendor 11,SET-00038,11479.09,219.81,0,INV-00038,Customer 6,2026-10-19,paid,Payroll,Sales,INR
TXN-00039,2026-07-10,11847.43,expense,completed,Merchant 3,Vendor 6,SET-00039,11847.43,213.25,0,INV-00039,Customer 11,2026-09-06,pending,Software,Finance,INR
TXN-00040,2026-04-30,14974.9,revenue,completed,Merchant 26,Vendor 5,SET-00040,14974.9,269.55,0,INV-00040,Customer 40,2026-10-20,paid,Travel,Sales,INR
TXN-00041,2026-03-31,16603.07,expense,completed,Merchant 5,Vendor 18,SET-00041,16603.07,298.86,0,INV-00041,Customer 36,2026-09-06,pending,Software,Finance,INR
TXN-00042,2026-07-05,20084.25,revenue,completed,Merchant 21,Vendor 4,SET-00042,20084.25,361.52,0,INV-00042,Customer 34,2026-10-15,paid,Operations,Sales,INR
TXN-00043,2026-02-19,24670.46,expense,completed,Merchant 27,Vendor 7,SET-00043,24670.46,444.07,0,INV-00043,Customer 2,2026-09-14,pending,Operations,Finance,INR
TXN-00044,2026-07-15,12778.47,expense,completed,Merchant 19,Vendor 11,SET-00044,12778.47,230.01,0,INV-00044,Customer 17,2026-10-02,pending,Sales,Finance,INR
TXN-00045,2026-07-09,1992.16,revenue,completed,Merchant 12,Vendor 15,SET-00045,1992.16,35.86,0,INV-00045,Customer 43,2026-10-05,paid,Procurement,Sales,INR
TXN-00046,2026-08-13,20764.92,expense,completed,Merchant 17,Vendor 5,SET-00046,20764.92,373.77,0,INV-00046,Customer 35,2026-09-07,pending,Travel,Finance,INR
TXN-00047,2026-07-18,21883.74,revenue,completed,Merchant 6,Vendor 20,SET-00047,21883.74,393.91,0,INV-00047,Customer 1,2026-10-17,paid,Procurement,Sales,INR
TXN-00048,2026-05-02,4722.49,revenue,completed,Merchant 20,Vendor 4,SET-00048,4722.49,85.0,0,INV-00048,Customer 36,2026-09-01,paid,Marketing,Sales,INR
TXN-00049,2026-01-28,19714.68,expense,completed,Merchant 29,Vendor 18,SET-00049,19714.68,354.86,0,INV-00049,Customer 4,2026-09-13,pending,Operations,Finance,INR
TXN-00050,2026-01-26,1533.87,expense,completed,Merchant 17,Vendor 15,SET-00050,1533.87,27.61,0,INV-00050,Customer 36,2026-08-30,pending,Procurement,Finance,INR
TXN-00051,2026-06-06,11359.59,revenue,completed,Merchant 17,Vendor 20,SET-00051,11359.59,204.47,0,INV-00051,Customer 33,2026-09-10,paid,Payroll,Sales,INR
TXN-00052,2026-05-17,11582.47,expense,completed,Merchant 26,Vendor 16,SET-00052,11582.47,208.48,0,INV-00052,Customer 33,2026-09-13,pending,Payroll,Finance,INR
TXN-00053,2026-08-17,23108.21,expense,completed,Merchant 7,Vendor 15,SET-00053,23108.21,415.95,0,INV-00053,Customer 9,2026-09-24,pending,Software,Finance,INR
TXN-00054,2026-01-19,11331.89,expense,completed,Merchant 22,Vendor 8,SET-00054,11331.89,203.97,0,INV-00054,Customer 28,2026-09-02,pending,Operations,Finance,INR
TXN-00055,2026-08-18,19706.43,expense,completed,Merchant 25,Vendor 5,SET-00055,19706.43,354.72,0,INV-00055,Customer 46,2026-10-09,pending,Payroll,Finance,INR
TXN-00056,2026-08-15,4002.99,expense,completed,Merchant 5,Vendor 15,SET-00056,4002.99,72.05,0,INV-00056,Customer 15,2026-10-15,pending,Software,Finance,INR
TXN-00057,2026-02-11,22180.86,expense,completed,Merchant 22,Vendor 8,SET-00057,22180.86,399.26,0,INV-00057,Customer 11,2026-10-13,pending,Sales,Finance,INR
TXN-00058,2026-02-20,8808.35,expense,completed,Merchant 12,Vendor 11,SET-00058,8808.35,158.55,0,INV-00058,Customer 6,2026-10-14,pending,Marketing,Finance,INR
TXN-00059,2026-04-28,8780.5,revenue,completed,Merchant 15,Vendor 1,SET-00059,8780.5,158.05,0,INV-00059,Customer 25,2026-09-19,paid,Travel,Sales,INR
TXN-00060,2026-01-17,13050.43,expense,completed,Merchant 4,Vendor 8,SET-00060,13050.43,234.91,0,INV-00060,Customer 7,2026-09-03,pending,Marketing,Finance,INR
TXN-00061,2026-07-19,1469.91,expense,completed,Merchant 6,Vendor 9,SET-00061,1469.91,26.46,0,INV-00061,Customer 49,2026-09-06,pending,Procurement,Finance,INR
TXN-00062,2026-06-23,21314.9,expense,completed,Merchant 27,Vendor 9,SET-00062,21314.9,383.67,0,INV-00062,Customer 26,2026-09-07,pending,Travel,Finance,INR
TXN-00063,2026-01-23,17660.23,expense,completed,Merchant 9,Vendor 2,SET-00063,17660.23,317.88,0,INV-00063,Customer 45,2026-09-09,pending,Sales,Finance,INR
TXN-00064,2026-01-05,7088.62,revenue,completed,Merchant 21,Vendor 3,SET-00064,7088.62,127.6,0,INV-00064,Customer 17,2026-09-03,paid,Travel,Sales,INR
TXN-00065,2026-08-09,2132.25,revenue,completed,Merchant 4,Vendor 15,SET-00065,2132.25,38.38,0,INV-00065,Customer 1,2026-09-19,paid,Travel,Sales,INR
TXN-00066,2026-03-10,23203.4,expense,completed,Merchant 20,Vendor 5,SET-00066,23203.4,417.66,0,INV-00066,Customer 3,2026-10-01,pending,Payroll,Finance,INR
TXN-00067,2026-02-11,23484.08,revenue,completed,Merchant 9,Vendor 2,SET-00067,23484.08,422.71,0,INV-00067,Customer 12,2026-09-10,paid,Marketing,Sales,INR
TXN-00068,2026-02-22,13511.6,expense,completed,Merchant 10,Vendor 15,SET-00068,13511.6,243.21,0,INV-00068,Customer 33,2026-10-11,pending,Operations,Finance,INR
TXN-00069,2026-01-05,9001.53,expense,completed,Merchant 9,Vendor 2,SET-00069,9001.53,162.03,0,INV-00069,Customer 1,2026-08-30,pending,Payroll,Finance,INR
TXN-00070,2026-03-04,13098.76,revenue,completed,Merchant 15,Vendor 4,SET-00070,13098.76,235.78,0,INV-00070,Customer 43,2026-10-20,paid,Payroll,Sales,INR
TXN-00071,2026-05-20,16584.48,expense,completed,Merchant 27,Vendor 13,SET-00071,16584.48,298.52,0,INV-00071,Customer 33,2026-09-17,pending,Payroll,Finance,INR
TXN-00072,2026-03-29,24569.79,revenue,completed,Merchant 7,Vendor 5,SET-00072,24569.79,442.26,0,INV-00072,Customer 26,2026-09-20,paid,Software,Sales,INR
TXN-00073,2026-06-10,849.25,revenue,completed,Merchant 24,Vendor 9,SET-00073,849.25,15.29,0,INV-00073,Customer 28,2026-09-08,paid,Software,Sales,INR
TXN-00074,2026-04-08,16798.08,revenue,completed,Merchant 28,Vendor 17,SET-00074,16798.08,302.37,0,INV-00074,Customer 43,2026-09-16,paid,Travel,Sales,INR
TXN-00075,2026-01-12,17470.8,revenue,completed,Merchant 15,Vendor 6,SET-00075,16422.55,314.47,0,INV-00075,Customer 11,2026-09-15,paid,Sales,Sales,INR
TXN-00076,2026-03-26,6949.46,revenue,completed,Merchant 18,Vendor 11,SET-00076,6949.46,125.09,0,INV-00076,Customer 16,2026-08-31,paid,Marketing,Sales,INR
TXN-00077,2026-01-01,9236.31,revenue,completed,Merchant 11,Vendor 13,SET-00077,9236.31,166.25,0,INV-00077,Customer 6,2026-09-28,paid,Marketing,Sales,INR
TXN-00078,2026-07-18,6580.4,revenue,completed,Merchant 1,Vendor 3,SET-00078,6580.4,118.45,0,INV-00078,Customer 17,2026-10-20,paid,Software,Sales,INR
TXN-00079,2026-01-11,10288.02,revenue,completed,Merchant 13,Vendor 1,SET-00079,10288.02,185.18,0,INV-00079,Customer 20,2026-09-17,paid,Payroll,Sales,INR
TXN-00080,2026-05-16,2569.83,revenue,completed,Merchant 28,Vendor 5,SET-00080,2569.83,46.26,0,INV-00080,Customer 43,2026-10-25,paid,Payroll,Sales,INR
TXN-00081,2026-07-04,19225.63,expense,completed,Merchant 16,Vendor 5,SET-00081,19225.63,346.06,0,INV-00081,Customer 19,2026-10-14,pending,Travel,Finance,INR
TXN-00082,2026-08-02,1572.81,revenue,completed,Merchant 23,Vendor 17,SET-00082,1572.81,28.31,0,INV-00082,Customer 41,2026-09-25,paid,Payroll,Sales,INR
TXN-00083,2026-07-12,22792.25,revenue,completed,Merchant 17,Vendor 19,SET-00083,22792.25,410.26,0,INV-00083,Customer 2,2026-10-20,paid,Payroll,Sales,INR
TXN-00084,2026-01-11,2584.75,revenue,completed,Merchant 5,Vendor 12,SET-00084,2584.75,46.53,129.24,INV-00084,Customer 7,2026-09-22,paid,Procurement,Sales,INR
TXN-00085,2026-06-10,14183.92,expense,completed,Merchant 1,Vendor 18,SET-00085,14183.92,255.31,0,INV-00085,Customer 44,2026-09-13,pending,Sales,Finance,INR
TXN-00086,2026-07-24,581.2,expense,completed,Merchant 3,Vendor 17,SET-00086,581.2,10.46,0,INV-00086,Customer 35,2026-09-03,pending,Payroll,Finance,INR
TXN-00087,2026-05-02,18770.33,revenue,completed,Merchant 9,Vendor 3,SET-00087,18770.33,337.87,0,INV-00087,Customer 17,2026-09-13,paid,Payroll,Sales,INR
TXN-00088,2026-06-16,6153.04,revenue,completed,Merchant 15,Vendor 16,SET-00088,6153.04,110.75,0,INV-00088,Customer 25,2026-09-02,paid,Sales,Sales,INR
TXN-00089,2026-06-07,19290.77,expense,completed,Merchant 21,Vendor 7,SET-00089,19290.77,347.23,0,INV-00089,Customer 5,2026-10-06,pending,Operations,Finance,INR
TXN-00090,2026-07-10,6721.54,expense,completed,Merchant 23,Vendor 10,SET-00090,6721.54,120.99,0,INV-00090,Customer 40,2026-10-04,pending,Operations,Finance,INR
TXN-00091,2026-05-05,12319.31,revenue,completed,Merchant 9,Vendor 4,SET-00091,12319.31,221.75,0,INV-00091,Customer 45,2026-09-11,paid,Payroll,Sales,INR
TXN-00092,2026-05-13,7625.98,expense,completed,Merchant 10,Vendor 15,SET-00092,7625.98,137.27,0,INV-00092,Customer 30,2026-09-27,pending,Procurement,Finance,INR
TXN-00093,2026-05-21,24835.86,revenue,completed,Merchant 7,Vendor 10,SET-00093,24835.86,447.05,0,INV-00093,Customer 6,2026-10-27,paid,Sales,Sales,INR
TXN-00094,2026-01-20,7594.93,revenue,completed,Merchant 27,Vendor 17,SET-00094,7594.93,136.71,0,INV-00094,Customer 29,2026-09-15,paid,Sales,Sales,INR
TXN-00095,2026-08-27,22955.59,revenue,completed,Merchant 7,Vendor 3,SET-00095,22955.59,413.2,0,INV-00095,Customer 38,2026-09-03,paid,Operations,Sales,INR
TXN-00096,2026-02-03,23842.14,expense,completed,Merchant 20,Vendor 17,SET-00096,23842.14,429.16,0,INV-00096,Customer 18,2026-10-24,pending,Software,Finance,INR
TXN-00097,2026-08-18,6168.9,expense,completed,Merchant 29,Vendor 16,SET-00097,6168.9,111.04,0,INV-00097,Customer 26,2026-08-30,pending,Operations,Finance,INR
TXN-00098,2026-06-24,23774.01,revenue,completed,Merchant 15,Vendor 13,SET-00098,23774.01,427.93,0,INV-00098,Customer 20,2026-10-14,paid,Operations,Sales,INR
TXN-00099,2026-03-22,8927.02,expense,completed,Merchant 4,Vendor 11,SET-00099,8927.02,160.69,0,INV-00099,Customer 1,2026-09-18,pending,Procurement,Finance,INR
TXN-00100,2026-01-31,21058.21,expense,completed,Merchant 7,Vendor 1,SET-00100,21058.21,379.05,0,INV-00100,Customer 48,2026-09-16,pending,Marketing,Finance,INR
TXN-00101,2026-04-10,2091.95,expense,completed,Merchant 28,Vendor 19,SET-00101,2091.95,37.66,0,INV-00101,Customer 5,2026-09-21,pending,Sales,Finance,INR
TXN-00102,2026-03-13,21429.25,expense,completed,Merchant 4,Vendor 2,SET-00102,21429.25,385.73,0,INV-00102,Customer 43,2026-09-16,pending,Payroll,Finance,INR
TXN-00103,2026-03-10,6608.46,revenue,completed,Merchant 14,Vendor 17,SET-00103,6608.46,118.95,0,INV-00103,Customer 21,2026-09-10,paid,Procurement,Sales,INR
TXN-00104,2026-04-20,19736.0,expense,completed,Merchant 29,Vendor 1,SET-00104,19736.0,355.25,0,INV-00104,Customer 49,2026-10-08,pending,Sales,Finance,INR
TXN-00105,2026-01-13,18129.53,revenue,completed,Merchant 24,Vendor 14,SET-00105,18129.53,326.33,0,INV-00105,Customer 29,2026-10-07,paid,Procurement,Sales,INR
TXN-00106,2026-03-15,16290.02,revenue,completed,Merchant 16,Vendor 2,SET-00106,16290.02,293.22,0,INV-00106,Customer 36,2026-09-06,paid,Operations,Sales,INR
TXN-00107,2026-03-14,10664.23,expense,completed,Merchant 10,Vendor 9,SET-00107,10664.23,191.96,0,INV-00107,Customer 48,2026-10-15,pending,Payroll,Finance,INR
TXN-00108,2026-03-03,10452.13,expense,completed,Merchant 10,Vendor 16,SET-00108,10452.13,188.14,0,INV-00108,Customer 36,2026-10-10,pending,Sales,Finance,INR
TXN-00109,2026-02-11,4599.65,revenue,completed,Merchant 3,Vendor 7,SET-00109,4599.65,82.79,0,INV-00109,Customer 33,2026-10-25,paid,Procurement,Sales,INR
TXN-00110,2026-04-26,13984.47,expense,completed,Merchant 11,Vendor 15,SET-00110,13984.47,251.72,0,INV-00110,Customer 28,2026-09-06,pending,Travel,Finance,INR
TXN-00111,2026-02-14,6480.1,revenue,completed,Merchant 11,Vendor 18,SET-00111,6480.1,116.64,0,INV-00111,Customer 6,2026-09-18,paid,Operations,Sales,INR
TXN-00112,2026-05-26,6829.76,expense,completed,Merchant 7,Vendor 1,SET-00112,6419.97,122.94,0,INV-00112,Customer 48,2026-10-23,pending,Sales,Finance,INR
TXN-00113,2026-05-15,10640.15,expense,completed,Merchant 7,Vendor 13,SET-00113,10640.15,191.52,0,INV-00113,Customer 18,2026-09-19,pending,Procurement,Finance,INR
TXN-00114,2026-05-28,12704.57,revenue,completed,Merchant 12,Vendor 5,SET-00114,12704.57,228.68,0,INV-00114,Customer 44,2026-09-30,paid,Travel,Sales,INR
TXN-00115,2026-08-18,2768.65,revenue,completed,Merchant 8,Vendor 13,SET-00115,2768.65,49.84,0,INV-00115,Customer 26,2026-10-09,paid,Sales,Sales,INR
TXN-00116,2026-08-06,23871.62,expense,completed,Merchant 27,Vendor 1,SET-00116,23871.62,429.69,0,INV-00116,Customer 9,2026-08-31,pending,Sales,Finance,INR
TXN-00117,2026-05-06,24222.89,expense,completed,Merchant 1,Vendor 3,SET-00117,24222.89,436.01,0,INV-00117,Customer 26,2026-10-27,pending,Procurement,Finance,INR
TXN-00118,2026-03-05,24319.91,expense,completed,Merchant 26,Vendor 4,SET-00118,24319.91,437.76,0,INV-00118,Customer 15,2026-09-07,pending,Operations,Finance,INR
TXN-00119,2026-07-04,23566.52,revenue,completed,Merchant 23,Vendor 15,SET-00119,23566.52,424.2,0,INV-00119,Customer 6,2026-10-03,paid,Procurement,Sales,INR
TXN-00120,2026-02-02,533.47,revenue,completed,Merchant 8,Vendor 19,SET-00120,533.47,9.6,0,INV-00120,Customer 3,2026-10-09,paid,Payroll,Sales,INR
TXN-00121,2026-03-06,275000,expense,completed,Merchant 17,Vendor 14,SET-00121,275000,4950.0,0,INV-00121,Customer 45,2026-10-16,pending,Software,Finance,INR
TXN-00122,2026-05-15,2223.62,revenue,completed,Merchant 19,Vendor 7,SET-00122,2223.62,40.03,0,INV-00122,Customer 25,2026-09-14,paid,Operations,Sales,INR
TXN-00123,2026-03-19,756.31,revenue,completed,Merchant 15,Vendor 9,SET-00123,756.31,13.61,0,INV-00123,Customer 21,2026-10-09,paid,Procurement,Sales,INR
TXN-00124,2026-03-02,12144.95,revenue,completed,Merchant 18,Vendor 8,SET-00124,12144.95,218.61,0,INV-00124,Customer 2,2026-09-24,paid,Payroll,Sales,INR
TXN-00125,2026-02-19,1855.06,expense,completed,Merchant 16,Vendor 14,SET-00125,1855.06,33.39,0,INV-00125,Customer 6,2026-09-14,pending,Operations,Finance,INR
TXN-00126,2026-02-28,23166.44,expense,completed,Merchant 16,Vendor 2,SET-00126,23166.44,417.0,0,INV-00126,Customer 45,2026-09-19,pending,Payroll,Finance,INR
TXN-00127,2026-04-12,9376.84,expense,completed,Merchant 7,Vendor 1,SET-00127,9376.84,168.78,0,INV-00127,Customer 19,2026-10-15,pending,Procurement,Finance,INR
TXN-00128,2026-02-21,5527.86,revenue,completed,Merchant 10,Vendor 7,SET-00128,5527.86,99.5,0,INV-00128,Customer 15,2026-09-27,paid,Operations,Sales,INR
TXN-00129,2026-03-17,19131.53,expense,completed,Merchant 4,Vendor 20,SET-00129,19131.53,344.37,0,INV-00129,Customer 32,2026-10-07,pending,Operations,Finance,INR
TXN-00130,2026-08-22,12383.79,revenue,completed,Merchant 22,Vendor 2,SET-00130,12383.79,222.91,0,INV-00130,Customer 39,2026-09-07,paid,Sales,Sales,INR
TXN-00131,2026-06-02,5717.25,revenue,completed,Merchant 5,Vendor 14,SET-00131,5717.25,102.91,0,INV-00131,Customer 4,2026-10-13,paid,Software,Sales,INR
TXN-00132,2026-08-18,10136.38,revenue,completed,Merchant 23,Vendor 11,SET-00132,10136.38,182.45,0,INV-00132,Customer 47,2026-09-05,paid,Software,Sales,INR
TXN-00133,2026-02-17,8566.45,revenue,completed,Merchant 21,Vendor 17,SET-00133,8566.45,154.2,0,INV-00133,Customer 48,2026-09-27,paid,Software,Sales,INR
TXN-00134,2026-04-07,16778.53,expense,completed,Merchant 27,Vendor 12,SET-00134,16778.53,302.01,0,INV-00134,Customer 22,2026-09-26,pending,Operations,Finance,INR
TXN-00135,2026-03-13,570.33,revenue,completed,Merchant 3,Vendor 12,SET-00135,570.33,10.27,0,INV-00135,Customer 27,2026-10-24,paid,Software,Sales,INR
TXN-00136,2026-07-16,9813.18,revenue,completed,Merchant 27,Vendor 10,SET-00136,9813.18,176.64,0,INV-00136,Customer 28,2026-09-03,paid,Software,Sales,INR
TXN-00137,2026-05-19,5295.04,expense,completed,Merchant 15,Vendor 7,SET-00137,5295.04,95.31,0,INV-00137,Customer 21,2026-09-21,pending,Payroll,Finance,INR
TXN-00138,2026-04-16,1241.91,expense,completed,Merchant 8,Vendor 13,SET-00138,1241.91,22.35,0,INV-00138,Customer 3,2026-09-22,pending,Software,Finance,INR
TXN-00139,2026-08-24,2033.21,expense,completed,Merchant 2,Vendor 9,SET-00139,2033.21,36.6,0,INV-00139,Customer 13,2026-10-15,pending,Software,Finance,INR
TXN-00140,2026-03-27,9392.87,expense,completed,Merchant 20,Vendor 2,SET-00140,9392.87,169.07,0,INV-00140,Customer 17,2026-10-15,pending,Payroll,Finance,INR
TXN-00141,2026-03-18,23143.59,expense,completed,Merchant 1,Vendor 20,SET-00141,23143.59,416.58,0,INV-00141,Customer 41,2026-09-02,pending,Software,Finance,INR
TXN-00142,2026-07-03,3127.9,revenue,completed,Merchant 15,Vendor 13,SET-00142,3127.9,56.3,0,INV-00142,Customer 17,2026-10-26,paid,Sales,Sales,INR
TXN-00143,2026-05-08,3751.33,expense,completed,Merchant 6,Vendor 1,SET-00143,3751.33,67.52,0,INV-00143,Customer 48,2026-09-17,pending,Procurement,Finance,INR
TXN-00144,2026-03-25,15377.73,revenue,completed,Merchant 28,Vendor 11,SET-00144,15377.73,276.8,0,INV-00144,Customer 30,2026-09-21,paid,Procurement,Sales,INR
TXN-00145,2026-04-11,13041.18,revenue,completed,Merchant 25,Vendor 6,SET-00145,13041.18,234.74,0,INV-00145,Customer 16,2026-09-24,paid,Software,Sales,INR
TXN-00146,2026-05-20,12301.4,revenue,completed,Merchant 11,Vendor 6,SET-00146,12301.4,221.43,0,INV-00146,Customer 28,2026-10-24,paid,Software,Sales,INR
TXN-00147,2026-01-22,6989.84,revenue,completed,Merchant 7,Vendor 4,SET-00147,6989.84,125.82,0,INV-00147,Customer 27,2026-09-29,paid,Payroll,Sales,INR
TXN-00148,2026-02-04,4743.2,expense,completed,Merchant 14,Vendor 15,SET-00148,4743.2,85.38,0,INV-00148,Customer 40,2026-10-25,pending,Payroll,Finance,INR
TXN-00149,2026-08-05,18825.44,revenue,completed,Merchant 25,Vendor 4,SET-00149,17695.91,338.86,0,INV-00149,Customer 19,2026-09-16,paid,Marketing,Sales,INR
TXN-00150,2026-07-08,9637.79,expense,completed,Merchant 9,Vendor 7,SET-00150,9637.79,173.48,0,INV-00150,Customer 29,2026-09-13,pending,Operations,Finance,INR
TXN-00151,2026-03-14,6269.85,revenue,completed,Merchant 29,Vendor 19,SET-00151,6269.85,112.86,0,INV-00151,Customer 13,2026-09-18,paid,Software,Sales,INR
TXN-00152,2026-03-04,6665.52,expense,completed,Merchant 17,Vendor 17,SET-00152,6665.52,119.98,0,INV-00152,Customer 15,2026-10-09,pending,Procurement,Finance,INR
TXN-00153,2026-01-10,16506.5,revenue,completed,Merchant 4,Vendor 1,SET-00153,16506.5,297.12,0,INV-00153,Customer 31,2026-10-24,paid,Procurement,Sales,INR
TXN-00154,2026-08-23,21093.63,revenue,completed,Merchant 12,Vendor 2,SET-00154,21093.63,379.69,0,INV-00154,Customer 19,2026-09-12,paid,Software,Sales,INR
TXN-00155,2026-07-31,5144.54,revenue,completed,Merchant 19,Vendor 7,SET-00155,5144.54,92.6,0,INV-00155,Customer 5,2026-09-21,paid,Travel,Sales,INR
TXN-00156,2026-03-08,11503.29,revenue,completed,Merchant 25,Vendor 1,SET-00156,11503.29,207.06,0,INV-00156,Customer 7,2026-10-08,paid,Travel,Sales,INR
TXN-00157,2026-04-05,5832.31,expense,completed,Merchant 11,Vendor 5,SET-00157,5832.31,104.98,0,INV-00157,Customer 3,2026-09-11,pending,Marketing,Finance,INR
TXN-00158,2026-06-16,15185.87,revenue,completed,Merchant 7,Vendor 1,SET-00158,15185.87,273.35,0,INV-00158,Customer 21,2026-09-24,paid,Payroll,Sales,INR
TXN-00159,2026-03-21,5036.05,expense,completed,Merchant 3,Vendor 7,SET-00159,5036.05,90.65,0,INV-00159,Customer 3,2026-10-18,pending,Sales,Finance,INR
TXN-00160,2026-01-26,2050.14,expense,completed,Merchant 26,Vendor 13,SET-00160,2050.14,36.9,0,INV-00160,Customer 43,2026-10-03,pending,Operations,Finance,INR
TXN-00161,2026-04-12,16499.93,revenue,completed,Merchant 23,Vendor 9,SET-00161,16499.93,297.0,0,INV-00161,Customer 27,2026-09-16,paid,Payroll,Sales,INR
TXN-00162,2026-01-14,10737.21,expense,completed,Merchant 10,Vendor 19,SET-00162,10737.21,193.27,0,INV-00162,Customer 23,2026-09-24,pending,Sales,Finance,INR
TXN-00163,2026-07-25,21674.04,revenue,completed,Merchant 12,Vendor 7,SET-00163,21674.04,390.13,0,INV-00163,Customer 26,2026-10-14,paid,Sales,Sales,INR
TXN-00164,2026-04-22,23578.69,revenue,completed,Merchant 29,Vendor 6,SET-00164,23578.69,424.42,0,INV-00164,Customer 28,2026-09-05,paid,Procurement,Sales,INR
TXN-00165,2026-08-15,10452.33,revenue,completed,Merchant 12,Vendor 15,SET-00165,10452.33,188.14,0,INV-00165,Customer 11,2026-09-06,paid,Software,Sales,INR
TXN-00166,2026-06-14,14012.92,revenue,completed,Merchant 26,Vendor 13,SET-00166,14012.92,252.23,0,INV-00166,Customer 6,2026-10-04,paid,Travel,Sales,INR
TXN-00167,2026-02-13,18562.6,expense,completed,Merchant 5,Vendor 12,SET-00167,18562.6,334.13,928.13,INV-00167,Customer 19,2026-09-08,pending,Travel,Finance,INR
TXN-00168,2026-01-28,23174.74,revenue,completed,Merchant 13,Vendor 16,SET-00168,23174.74,417.15,0,INV-00168,Customer 49,2026-10-19,paid,Procurement,Sales,INR
TXN-00169,2026-08-03,7889.57,revenue,completed,Merchant 2,Vendor 16,SET-00169,7889.57,142.01,0,INV-00169,Customer 21,2026-09-01,paid,Travel,Sales,INR
TXN-00170,2026-07-02,2614.21,expense,completed,Merchant 20,Vendor 6,SET-00170,2614.21,47.06,0,INV-00170,Customer 41,2026-10-18,pending,Procurement,Finance,INR
TXN-00171,2026-06-07,15715.8,revenue,completed,Merchant 28,Vendor 7,SET-00171,15715.8,282.88,0,INV-00171,Customer 31,2026-09-09,paid,Travel,Sales,INR
TXN-00172,2026-05-13,1521.96,revenue,completed,Merchant 6,Vendor 13,SET-00172,1521.96,27.4,0,INV-00172,Customer 23,2026-09-05,paid,Operations,Sales,INR
TXN-00173,2026-07-28,24281.96,revenue,completed,Merchant 29,Vendor 7,SET-00173,24281.96,437.08,0,INV-00173,Customer 3,2026-10-24,paid,Travel,Sales,INR
TXN-00174,2026-03-24,16863.46,revenue,completed,Merchant 4,Vendor 13,SET-00174,16863.46,303.54,0,INV-00174,Customer 39,2026-09-27,paid,Travel,Sales,INR
TXN-00175,2026-03-20,16401.18,expense,completed,Merchant 19,Vendor 8,SET-00175,16401.18,295.22,0,INV-00175,Customer 28,2026-09-22,pending,Payroll,Finance,INR
TXN-00176,2026-04-23,11446.34,expense,completed,Merchant 6,Vendor 1,SET-00176,11446.34,206.03,0,INV-00176,Customer 1,2026-10-07,pending,Sales,Finance,INR
TXN-00177,2026-07-15,6263.65,expense,completed,Merchant 20,Vendor 15,SET-00177,6263.65,112.75,0,INV-00177,Customer 12,2026-10-19,pending,Sales,Finance,INR
TXN-00178,2026-02-02,3123.36,expense,completed,Merchant 12,Vendor 14,SET-00178,3123.36,56.22,0,INV-00178,Customer 24,2026-09-03,pending,Procurement,Finance,INR
TXN-00179,2026-06-18,12856.38,expense,completed,Merchant 2,Vendor 2,SET-00179,12856.38,231.41,0,INV-00179,Customer 41,2026-09-06,pending,Software,Finance,INR
TXN-00180,2026-05-11,19552.08,expense,completed,Merchant 3,Vendor 2,SET-00180,19552.08,351.94,0,INV-00180,Customer 49,2026-09-30,pending,Sales,Finance,INR
TXN-00181,2026-01-17,1133.48,revenue,completed,Merchant 20,Vendor 4,SET-00181,1133.48,20.4,0,INV-00181,Customer 13,2026-09-06,paid,Sales,Sales,INR
TXN-00182,2026-08-23,23937.66,expense,completed,Merchant 26,Vendor 6,SET-00182,23937.66,430.88,0,INV-00182,Customer 44,2026-10-18,pending,Payroll,Finance,INR
TXN-00183,2026-03-31,2105.15,revenue,completed,Merchant 20,Vendor 9,SET-00183,2105.15,37.89,0,INV-00183,Customer 11,2026-09-18,paid,Travel,Sales,INR
TXN-00184,2026-04-27,22674.02,expense,completed,Merchant 5,Vendor 9,SET-00184,22674.02,408.13,0,INV-00184,Customer 33,2026-10-26,pending,Sales,Finance,INR
TXN-00185,2026-06-07,15001.25,revenue,completed,Merchant 17,Vendor 8,SET-00185,15001.25,270.02,0,INV-00185,Customer 21,2026-09-21,paid,Software,Sales,INR
TXN-00186,2026-02-11,4961.36,revenue,completed,Merchant 21,Vendor 9,SET-00186,4663.68,89.3,0,INV-00186,Customer 44,2026-09-18,paid,Sales,Sales,INR
TXN-00187,2026-03-09,19907.04,revenue,completed,Merchant 4,Vendor 17,SET-00187,19907.04,358.33,0,INV-00187,Customer 4,2026-10-08,paid,Procurement,Sales,INR
TXN-00188,2026-04-26,24170.8,expense,completed,Merchant 18,Vendor 17,SET-00188,24170.8,435.07,0,INV-00188,Customer 38,2026-10-12,pending,Software,Finance,INR
TXN-00189,2026-06-11,24827.39,expense,completed,Merchant 28,Vendor 13,SET-00189,24827.39,446.89,0,INV-00189,Customer 48,2026-10-19,pending,Marketing,Finance,INR
TXN-00190,2026-04-05,9705.62,expense,completed,Merchant 19,Vendor 5,SET-00190,9705.62,174.7,0,INV-00190,Customer 24,2026-09-19,pending,Procurement,Finance,INR
TXN-00191,2026-02-15,11335.9,revenue,completed,Merchant 20,Vendor 2,SET-00191,11335.9,204.05,0,INV-00191,Customer 19,2026-10-20,paid,Travel,Sales,INR
TXN-00192,2026-08-11,8096.77,expense,completed,Merchant 19,Vendor 11,SET-00192,8096.77,145.74,0,INV-00192,Customer 47,2026-08-29,pending,Payroll,Finance,INR
TXN-00193,2026-03-16,5930.12,revenue,completed,Merchant 20,Vendor 14,SET-00193,5930.12,106.74,0,INV-00193,Customer 27,2026-09-30,paid,Marketing,Sales,INR
TXN-00194,2026-02-28,3734.57,revenue,completed,Merchant 20,Vendor 2,SET-00194,3734.57,67.22,0,INV-00194,Customer 2,2026-09-01,paid,Software,Sales,INR
TXN-00195,2026-05-14,7941.6,expense,completed,Merchant 12,Vendor 18,SET-00195,7941.6,142.95,0,INV-00195,Customer 15,2026-09-24,pending,Travel,Finance,INR
TXN-00196,2026-02-22,14932.74,expense,completed,Merchant 12,Vendor 20,SET-00196,14932.74,268.79,0,INV-00196,Customer 31,2026-09-08,pending,Operations,Finance,INR
TXN-00197,2026-03-04,23446.48,revenue,completed,Merchant 23,Vendor 5,SET-00197,23446.48,422.04,0,INV-00197,Customer 29,2026-09-04,paid,Software,Sales,INR
TXN-00198,2026-07-20,21846.5,revenue,completed,Merchant 9,Vendor 13,SET-00198,21846.5,393.24,0,INV-00198,Customer 17,2026-08-29,paid,Software,Sales,INR
TXN-00199,2026-05-29,15070.74,expense,completed,Merchant 15,Vendor 20,SET-00199,15070.74,271.27,0,INV-00199,Customer 34,2026-10-14,pending,Sales,Finance,INR
TXN-00200,2026-01-01,4544.93,revenue,completed,Merchant 2,Vendor 2,SET-00200,4544.93,81.81,0,INV-00200,Customer 35,2026-08-30,paid,Sales,Sales,INR
TXN-00201,2026-01-15,6322.89,revenue,completed,Merchant 25,Vendor 4,SET-00201,6322.89,113.81,0,INV-00201,Customer 1,2026-10-07,paid,Travel,Sales,INR
TXN-00202,2026-02-21,3985.53,revenue,completed,Merchant 17,Vendor 20,SET-00202,3985.53,71.74,0,INV-00202,Customer 42,2026-09-30,paid,Payroll,Sales,INR
TXN-00203,2026-02-14,20427.83,expense,completed,Merchant 17,Vendor 10,SET-00203,20427.83,367.7,0,INV-00203,Customer 5,2026-09-17,pending,Payroll,Finance,INR
TXN-00204,2026-07-05,24854.5,revenue,completed,Merchant 26,Vendor 16,SET-00204,24854.5,447.38,0,INV-00204,Customer 46,2026-10-02,paid,Software,Sales,INR
TXN-00205,2026-07-10,21188.6,expense,completed,Merchant 15,Vendor 3,SET-00205,21188.6,381.39,0,INV-00205,Customer 48,2026-10-09,pending,Sales,Finance,INR
TXN-00206,2026-01-27,6035.74,revenue,completed,Merchant 9,Vendor 8,SET-00206,6035.74,108.64,0,INV-00206,Customer 42,2026-08-31,paid,Software,Sales,INR
TXN-00207,2026-08-25,22336.21,expense,completed,Merchant 23,Vendor 9,SET-00207,22336.21,402.05,0,INV-00207,Customer 46,2026-09-01,pending,Marketing,Finance,INR
TXN-00208,2026-08-23,17300.48,expense,completed,Merchant 17,Vendor 9,SET-00208,17300.48,311.41,0,INV-00208,Customer 19,2026-10-09,pending,Operations,Finance,INR
TXN-00209,2026-01-04,22061.11,revenue,completed,Merchant 6,Vendor 9,SET-00209,22061.11,397.1,0,INV-00209,Customer 16,2026-10-21,paid,Payroll,Sales,INR
TXN-00210,2026-07-11,23645.1,revenue,completed,Merchant 11,Vendor 7,SET-00210,23645.1,425.61,0,INV-00210,Customer 25,2026-09-19,paid,Travel,Sales,INR
TXN-00211,2026-08-07,9796.5,revenue,completed,Merchant 21,Vendor 18,SET-00211,9796.5,176.34,0,INV-00211,Customer 31,2026-09-28,paid,Procurement,Sales,INR
TXN-00212,2026-04-22,21509.31,revenue,completed,Merchant 24,Vendor 8,SET-00212,21509.31,387.17,0,INV-00212,Customer 37,2026-10-24,paid,Marketing,Sales,INR
TXN-00213,2026-05-30,10093.29,revenue,completed,Merchant 3,Vendor 19,SET-00213,10093.29,181.68,0,INV-00213,Customer 11,2026-09-07,paid,Software,Sales,INR
TXN-00214,2026-06-09,3241.38,revenue,completed,Merchant 6,Vendor 12,SET-00214,3241.38,58.34,0,INV-00214,Customer 10,2026-10-12,paid,Software,Sales,INR
TXN-00215,2026-06-27,1520.41,revenue,completed,Merchant 21,Vendor 2,SET-00215,1520.41,27.37,0,INV-00215,Customer 45,2026-09-02,paid,Payroll,Sales,INR
TXN-00216,2026-06-01,2111.25,revenue,completed,Merchant 25,Vendor 12,SET-00216,2111.25,38.0,0,INV-00216,Customer 13,2026-10-20,paid,Procurement,Sales,INR
TXN-00217,2026-07-13,22053.01,revenue,completed,Merchant 23,Vendor 13,SET-00217,22053.01,396.95,0,INV-00217,Customer 7,2026-09-13,paid,Operations,Sales,INR
TXN-00218,2026-01-09,3243.26,revenue,completed,Merchant 28,Vendor 3,SET-00218,3243.26,58.38,0,INV-00218,Customer 49,2026-10-08,paid,Payroll,Sales,INR
TXN-00219,2026-02-03,12189.33,expense,completed,Merchant 4,Vendor 7,SET-00219,12189.33,219.41,0,INV-00219,Customer 19,2026-09-18,pending,Marketing,Finance,INR
TXN-00220,2026-03-31,6898.41,expense,completed,Merchant 9,Vendor 10,SET-00220,6898.41,124.17,0,INV-00220,Customer 4,2026-10-13,pending,Procurement,Finance,INR
TXN-00221,2026-07-16,22803.19,expense,completed,Merchant 20,Vendor 17,SET-00221,22803.19,410.46,0,INV-00221,Customer 31,2026-10-22,pending,Marketing,Finance,INR
TXN-00222,2026-01-08,19831.87,revenue,completed,Merchant 14,Vendor 17,SET-00222,19831.87,356.97,0,INV-00222,Customer 7,2026-09-20,paid,Sales,Sales,INR
TXN-00223,2026-02-25,13678.07,revenue,completed,Merchant 23,Vendor 3,SET-00223,12857.39,246.21,0,INV-00223,Customer 37,2026-10-20,paid,Marketing,Sales,INR
TXN-00224,2026-05-15,11183.41,revenue,completed,Merchant 7,Vendor 10,SET-00224,11183.41,201.3,0,INV-00224,Customer 49,2026-10-16,paid,Software,Sales,INR
TXN-00225,2026-01-25,9021.19,revenue,completed,Merchant 16,Vendor 6,SET-00225,9021.19,162.38,0,INV-00225,Customer 32,2026-10-05,paid,Marketing,Sales,INR
TXN-00226,2026-02-10,14661.18,expense,completed,Merchant 10,Vendor 7,SET-00226,14661.18,263.9,0,INV-00226,Customer 45,2026-09-12,pending,Sales,Finance,INR
TXN-00227,2026-06-12,3193.12,revenue,completed,Merchant 25,Vendor 3,SET-00227,3193.12,57.48,0,INV-00227,Customer 32,2026-10-18,paid,Payroll,Sales,INR
TXN-00228,2026-04-02,15884.34,revenue,completed,Merchant 4,Vendor 13,SET-00228,15884.34,285.92,0,INV-00228,Customer 26,2026-10-25,paid,Payroll,Sales,INR
TXN-00229,2026-06-15,10842.18,revenue,completed,Merchant 1,Vendor 12,SET-00229,10842.18,195.16,0,INV-00229,Customer 14,2026-09-17,paid,Marketing,Sales,INR
TXN-00230,2026-05-09,22579.78,expense,completed,Merchant 6,Vendor 13,SET-00230,22579.78,406.44,0,INV-00230,Customer 41,2026-09-12,pending,Sales,Finance,INR
TXN-00231,2026-07-13,13522.84,revenue,completed,Merchant 23,Vendor 20,SET-00231,13522.84,243.41,0,INV-00231,Customer 42,2026-08-31,paid,Marketing,Sales,INR
TXN-00232,2026-08-11,13282.44,expense,completed,Merchant 27,Vendor 15,SET-00232,13282.44,239.08,0,INV-00232,Customer 43,2026-10-03,pending,Payroll,Finance,INR
TXN-00233,2026-04-23,4653.99,expense,completed,Merchant 23,Vendor 9,SET-00233,4653.99,83.77,0,INV-00233,Customer 38,2026-09-12,pending,Operations,Finance,INR
TXN-00234,2026-08-15,11819.44,expense,completed,Merchant 23,Vendor 8,SET-00234,11819.44,212.75,0,INV-00234,Customer 33,2026-09-10,pending,Marketing,Finance,INR
TXN-00235,2026-07-31,18991.01,expense,completed,Merchant 27,Vendor 20,SET-00235,18991.01,341.84,0,INV-00235,Customer 10,2026-10-14,pending,Operations,Finance,INR
TXN-00236,2026-06-04,18217.42,revenue,completed,Merchant 17,Vendor 12,SET-00236,18217.42,327.91,0,INV-00236,Customer 11,2026-09-13,paid,Marketing,Sales,INR
TXN-00237,2026-07-06,6837.86,revenue,completed,Merchant 4,Vendor 6,SET-00237,6837.86,123.08,0,INV-00237,Customer 43,2026-09-04,paid,Operations,Sales,INR
TXN-00238,2026-02-07,4198.52,expense,completed,Merchant 26,Vendor 10,SET-00238,4198.52,75.57,0,INV-00238,Customer 47,2026-09-17,pending,Sales,Finance,INR
TXN-00239,2026-06-13,5306.68,expense,completed,Merchant 4,Vendor 9,SET-00239,5306.68,95.52,0,INV-00239,Customer 14,2026-10-24,pending,Sales,Finance,INR
TXN-00240,2026-04-13,1331.32,expense,completed,Merchant 28,Vendor 14,SET-00240,1331.32,23.96,0,INV-00240,Customer 45,2026-09-12,pending,Travel,Finance,INR
TXN-00241,2026-02-06,11850.34,expense,completed,Merchant 9,Vendor 20,SET-00241,11850.34,213.31,0,INV-00241,Customer 48,2026-09-23,pending,Software,Finance,INR
TXN-00242,2026-04-21,22746.1,revenue,completed,Merchant 23,Vendor 19,SET-00242,22746.1,409.43,0,INV-00242,Customer 38,2026-10-15,paid,Payroll,Sales,INR
TXN-00243,2026-06-20,21226.84,expense,completed,Merchant 24,Vendor 19,SET-00243,21226.84,382.08,0,INV-00243,Customer 15,2026-10-11,pending,Operations,Finance,INR
TXN-00244,2026-03-22,11620.62,revenue,completed,Merchant 9,Vendor 4,SET-00244,11620.62,209.17,0,INV-00244,Customer 27,2026-09-13,paid,Procurement,Sales,INR
TXN-00245,2026-06-11,17972.19,expense,completed,Merchant 6,Vendor 9,SET-00245,17972.19,323.5,0,INV-00245,Customer 28,2026-09-28,pending,Sales,Finance,INR
TXN-00246,2026-04-15,15728.44,revenue,completed,Merchant 17,Vendor 6,SET-00246,15728.44,283.11,0,INV-00246,Customer 42,2026-09-18,paid,Procurement,Sales,INR
TXN-00247,2026-05-06,10023.36,revenue,completed,Merchant 4,Vendor 2,SET-00247,10023.36,180.42,0,INV-00247,Customer 17,2026-10-02,paid,Operations,Sales,INR
TXN-00248,2026-02-21,18047.29,revenue,completed,Merchant 17,Vendor 12,SET-00248,18047.29,324.85,0,INV-00248,Customer 7,2026-10-22,paid,Travel,Sales,INR
TXN-00249,2026-07-03,13755.37,expense,completed,Merchant 16,Vendor 17,SET-00249,13755.37,247.6,0,INV-00249,Customer 2,2026-10-08,pending,Procurement,Finance,INR
TXN-00250,2026-04-16,13281.36,expense,completed,Merchant 24,Vendor 15,SET-00250,13281.36,239.06,664.07,INV-00250,Customer 14,2026-10-11,pending,Operations,Finance,INR
TXN-00251,2026-08-27,13087.91,expense,completed,Merchant 4,Vendor 20,SET-00251,13087.91,235.58,0,INV-00251,Customer 23,2026-10-08,pending,Software,Finance,INR
TXN-00252,2026-04-13,7221.75,expense,completed,Merchant 2,Vendor 1,SET-00252,7221.75,129.99,0,INV-00252,Customer 5,2026-09-24,pending,Sales,Finance,INR
TXN-00253,2026-01-28,14714.29,expense,completed,Merchant 8,Vendor 10,SET-00253,14714.29,264.86,0,INV-00253,Customer 48,2026-09-23,pending,Travel,Finance,INR
TXN-00254,2026-04-11,24858.64,revenue,completed,Merchant 15,Vendor 7,SET-00254,24858.64,447.46,0,INV-00254,Customer 11,2026-09-06,paid,Procurement,Sales,INR
TXN-00255,2026-06-12,20334.52,revenue,completed,Merchant 7,Vendor 16,SET-00255,20334.52,366.02,0,INV-00255,Customer 42,2026-10-03,paid,Payroll,Sales,INR
TXN-00256,2026-02-07,20458.66,revenue,completed,Merchant 12,Vendor 14,SET-00256,20458.66,368.26,0,INV-00256,Customer 30,2026-09-16,paid,Procurement,Sales,INR
TXN-00257,2026-05-01,19606.24,revenue,completed,Merchant 12,Vendor 8,SET-00257,19606.24,352.91,0,INV-00257,Customer 18,2026-10-13,paid,Sales,Sales,INR
TXN-00258,2026-06-23,24580.83,expense,completed,Merchant 6,Vendor 16,SET-00258,24580.83,442.45,0,INV-00258,Customer 1,2026-10-19,pending,Payroll,Finance,INR
TXN-00259,2026-06-17,9270.45,expense,completed,Merchant 10,Vendor 11,SET-00259,9270.45,166.87,0,INV-00259,Customer 31,2026-09-29,pending,Sales,Finance,INR
TXN-00260,2026-04-03,16651.98,revenue,completed,Merchant 5,Vendor 10,SET-00260,15652.86,299.74,0,INV-00260,Customer 25,2026-09-01,paid,Software,Sales,INR
TXN-00261,2026-02-05,19708.94,expense,completed,Merchant 17,Vendor 12,SET-00261,19708.94,354.76,0,INV-00261,Customer 41,2026-10-05,pending,Software,Finance,INR
TXN-00262,2026-01-19,5638.86,revenue,completed,Merchant 21,Vendor 10,SET-00262,5638.86,101.5,0,INV-00262,Customer 17,2026-10-06,paid,Software,Sales,INR
TXN-00263,2026-02-17,21427.26,revenue,completed,Merchant 25,Vendor 15,SET-00263,21427.26,385.69,0,INV-00263,Customer 23,2026-10-18,paid,Operations,Sales,INR
TXN-00264,2026-07-22,22650.14,revenue,completed,Merchant 18,Vendor 6,SET-00264,22650.14,407.7,0,INV-00264,Customer 40,2026-10-25,paid,Payroll,Sales,INR
TXN-00265,2026-08-17,16877.22,revenue,completed,Merchant 18,Vendor 10,SET-00265,16877.22,303.79,0,INV-00265,Customer 13,2026-09-29,paid,Payroll,Sales,INR
TXN-00266,2026-07-09,13504.49,revenue,completed,Merchant 27,Vendor 15,SET-00266,13504.49,243.08,0,INV-00266,Customer 43,2026-10-24,paid,Software,Sales,INR
TXN-00267,2026-03-01,6980.11,revenue,completed,Merchant 27,Vendor 5,SET-00267,6980.11,125.64,0,INV-00267,Customer 31,2026-09-29,paid,Travel,Sales,INR
TXN-00268,2026-08-20,12367.08,revenue,completed,Merchant 5,Vendor 16,SET-00268,12367.08,222.61,0,INV-00268,Customer 16,2026-09-29,paid,Operations,Sales,INR
TXN-00269,2026-03-24,4428.76,revenue,completed,Merchant 15,Vendor 19,SET-00269,4428.76,79.72,0,INV-00269,Customer 32,2026-10-10,paid,Marketing,Sales,INR
TXN-00270,2026-04-18,9686.47,expense,completed,Merchant 22,Vendor 3,SET-00270,9686.47,174.36,0,INV-00270,Customer 12,2026-10-08,pending,Marketing,Finance,INR
TXN-00271,2026-01-12,1003.71,revenue,completed,Merchant 22,Vendor 11,SET-00271,1003.71,18.07,0,INV-00271,Customer 7,2026-09-30,paid,Sales,Sales,INR
TXN-00272,2026-02-06,19050.71,expense,completed,Merchant 2,Vendor 7,SET-00272,19050.71,342.91,0,INV-00272,Customer 46,2026-09-24,pending,Payroll,Finance,INR
TXN-00273,2026-08-09,8795.86,revenue,completed,Merchant 22,Vendor 12,SET-00273,8795.86,158.33,0,INV-00273,Customer 22,2026-09-28,paid,Procurement,Sales,INR
TXN-00274,2026-03-29,7461.7,revenue,completed,Merchant 14,Vendor 9,SET-00274,7461.7,134.31,0,INV-00274,Customer 36,2026-09-01,paid,Procurement,Sales,INR
TXN-00275,2026-07-31,7675.63,expense,completed,Merchant 16,Vendor 13,SET-00275,7675.63,138.16,0,INV-00275,Customer 22,2026-09-30,pending,Marketing,Finance,INR
TXN-00276,2026-06-17,24387.39,expense,completed,Merchant 16,Vendor 4,SET-00276,24387.39,438.97,0,INV-00276,Customer 22,2026-09-10,pending,Marketing,Finance,INR
TXN-00277,2026-06-12,3625.48,expense,completed,Merchant 3,Vendor 2,SET-00277,3625.48,65.26,0,INV-00277,Customer 26,2026-10-14,pending,Travel,Finance,INR
TXN-00278,2026-01-13,13862.33,expense,completed,Merchant 13,Vendor 10,SET-00278,13862.33,249.52,0,INV-00278,Customer 7,2026-08-29,pending,Software,Finance,INR
TXN-00279,2026-05-02,20638.05,revenue,completed,Merchant 20,Vendor 2,SET-00279,20638.05,371.48,0,INV-00279,Customer 33,2026-10-26,paid,Travel,Sales,INR
TXN-00280,2026-06-10,15609.13,expense,completed,Merchant 22,Vendor 20,SET-00280,15609.13,280.96,0,INV-00280,Customer 44,2026-09-03,pending,Operations,Finance,INR
TXN-00281,2026-04-28,16841.55,revenue,completed,Merchant 21,Vendor 6,SET-00281,16841.55,303.15,0,INV-00281,Customer 7,2026-10-10,paid,Operations,Sales,INR
TXN-00282,2026-01-26,10828.5,revenue,completed,Merchant 21,Vendor 1,SET-00282,10828.5,194.91,0,INV-00282,Customer 24,2026-10-23,paid,Procurement,Sales,INR
TXN-00283,2026-05-24,19770.23,revenue,completed,Merchant 23,Vendor 9,SET-00283,19770.23,355.86,0,INV-00283,Customer 20,2026-09-09,paid,Sales,Sales,INR
TXN-00284,2026-04-21,8302.69,revenue,completed,Merchant 19,Vendor 19,SET-00284,8302.69,149.45,0,INV-00284,Customer 4,2026-09-29,paid,Travel,Sales,INR
TXN-00285,2026-07-18,20706.53,revenue,completed,Merchant 26,Vendor 14,SET-00285,20706.53,372.72,0,INV-00285,Customer 37,2026-10-12,paid,Sales,Sales,INR
TXN-00286,2026-06-24,2146.86,expense,completed,Merchant 13,Vendor 20,SET-00286,2146.86,38.64,0,INV-00286,Customer 38,2026-10-10,pending,Operations,Finance,INR
TXN-00287,2026-05-21,19362.22,expense,completed,Merchant 4,Vendor 3,SET-00287,19362.22,348.52,0,INV-00287,Customer 42,2026-09-28,pending,Operations,Finance,INR
TXN-00288,2026-04-20,15858.93,revenue,completed,Merchant 1,Vendor 1,SET-00288,15858.93,285.46,0,INV-00288,Customer 44,2026-10-10,paid,Software,Sales,INR
TXN-00289,2026-02-01,5847.01,revenue,completed,Merchant 5,Vendor 16,SET-00289,5847.01,105.25,0,INV-00289,Customer 2,2026-09-15,paid,Payroll,Sales,INR
TXN-00290,2026-07-10,11544.03,revenue,completed,Merchant 6,Vendor 2,SET-00290,11544.03,207.79,0,INV-00290,Customer 24,2026-10-17,paid,Payroll,Sales,INR
TXN-00291,2026-01-22,18378.18,revenue,completed,Merchant 10,Vendor 18,SET-00291,18378.18,330.81,0,INV-00291,Customer 46,2026-09-29,paid,Sales,Sales,INR
TXN-00292,2026-01-14,22881.27,expense,completed,Merchant 23,Vendor 2,SET-00292,22881.27,411.86,0,INV-00292,Customer 1,2026-09-01,pending,Software,Finance,INR
TXN-00293,2026-03-21,10029.24,revenue,completed,Merchant 24,Vendor 20,SET-00293,10029.24,180.53,0,INV-00293,Customer 11,2026-10-23,paid,Procurement,Sales,INR
TXN-00294,2026-03-22,15419.23,expense,completed,Merchant 12,Vendor 19,SET-00294,15419.23,277.55,0,INV-00294,Customer 47,2026-09-26,pending,Sales,Finance,INR
TXN-00295,2026-07-24,4050.21,revenue,completed,Merchant 4,Vendor 12,SET-00295,4050.21,72.9,0,INV-00295,Customer 42,2026-09-08,paid,Payroll,Sales,INR
TXN-00296,2026-07-19,12185.57,expense,completed,Merchant 26,Vendor 15,SET-00296,12185.57,219.34,0,INV-00296,Customer 18,2026-10-18,pending,Procurement,Finance,INR
TXN-00297,2026-01-16,7663.51,expense,completed,Merchant 20,Vendor 20,SET-00297,7203.7,137.94,0,INV-00297,Customer 22,2026-10-23,pending,Travel,Finance,INR
TXN-00298,2026-06-03,20866.57,revenue,completed,Merchant 27,Vendor 10,SET-00298,20866.57,375.6,0,INV-00298,Customer 38,2026-09-25,paid,Operations,Sales,INR
TXN-00299,2026-04-07,9990.24,expense,completed,Merchant 20,Vendor 8,SET-00299,9990.24,179.82,0,INV-00299,Customer 29,2026-09-16,pending,Payroll,Finance,INR
TXN-00300,2026-03-10,8377.38,revenue,completed,Merchant 14,Vendor 6,SET-00300,8377.38,150.79,0,INV-00300,Customer 38,2026-10-26,paid,Procurement,Sales,INR
TXN-00301,2026-02-06,7568.78,revenue,completed,Merchant 26,Vendor 19,SET-00301,7568.78,136.24,0,INV-00301,Customer 10,2026-09-15,paid,Procurement,Sales,INR
TXN-00302,2026-01-22,8997.9,expense,completed,Merchant 18,Vendor 18,SET-00302,8997.9,161.96,0,INV-00302,Customer 32,2026-10-19,pending,Sales,Finance,INR
TXN-00303,2026-07-04,19798.41,revenue,completed,Merchant 8,Vendor 10,SET-00303,19798.41,356.37,0,INV-00303,Customer 39,2026-09-01,paid,Payroll,Sales,INR
TXN-00304,2026-02-22,11900.41,expense,completed,Merchant 9,Vendor 19,SET-00304,11900.41,214.21,0,INV-00304,Customer 49,2026-08-29,pending,Procurement,Finance,INR
TXN-00305,2026-01-23,11763.08,expense,completed,Merchant 18,Vendor 12,SET-00305,11763.08,211.74,0,INV-00305,Customer 5,2026-09-12,pending,Sales,Finance,INR
TXN-00306,2026-05-14,22184.8,expense,completed,Merchant 11,Vendor 16,SET-00306,22184.8,399.33,0,INV-00306,Customer 33,2026-10-05,pending,Operations,Finance,INR
TXN-00307,2026-01-24,5710.99,revenue,completed,Merchant 6,Vendor 10,SET-00307,5710.99,102.8,0,INV-00307,Customer 24,2026-10-04,paid,Travel,Sales,INR
TXN-00308,2026-05-13,10361.04,expense,completed,Merchant 28,Vendor 5,SET-00308,10361.04,186.5,0,INV-00308,Customer 16,2026-08-31,pending,Sales,Finance,INR
TXN-00309,2026-04-06,21726.11,expense,completed,Merchant 21,Vendor 15,SET-00309,21726.11,391.07,0,INV-00309,Customer 6,2026-09-07,pending,Marketing,Finance,INR
TXN-00310,2026-05-13,8950.58,revenue,completed,Merchant 20,Vendor 1,SET-00310,8950.58,161.11,0,INV-00310,Customer 7,2026-08-31,paid,Operations,Sales,INR
TXN-00311,2026-02-24,14874.42,expense,completed,Merchant 9,Vendor 9,SET-00311,14874.42,267.74,0,INV-00311,Customer 28,2026-09-04,pending,Sales,Finance,INR
TXN-00312,2026-01-10,6722.89,revenue,completed,Merchant 11,Vendor 7,SET-00312,6722.89,121.01,0,INV-00312,Customer 12,2026-09-22,paid,Software,Sales,INR
TXN-00313,2026-05-23,1749.44,revenue,completed,Merchant 12,Vendor 15,SET-00313,1749.44,31.49,0,INV-00313,Customer 32,2026-10-22,paid,Software,Sales,INR
TXN-00314,2026-06-30,23092.79,expense,completed,Merchant 3,Vendor 9,SET-00314,23092.79,415.67,0,INV-00314,Customer 21,2026-10-04,pending,Operations,Finance,INR
TXN-00315,2026-06-21,23932.29,revenue,completed,Merchant 17,Vendor 13,SET-00315,23932.29,430.78,0,INV-00315,Customer 12,2026-09-26,paid,Procurement,Sales,INR
TXN-00316,2026-03-02,9587.32,revenue,completed,Merchant 24,Vendor 8,SET-00316,9587.32,172.57,0,INV-00316,Customer 12,2026-08-31,paid,Marketing,Sales,INR
TXN-00317,2026-05-22,1952.28,expense,completed,Merchant 29,Vendor 1,SET-00317,1952.28,35.14,0,INV-00317,Customer 4,2026-09-14,pending,Procurement,Finance,INR
TXN-00318,2026-02-07,1866.31,expense,completed,Merchant 11,Vendor 1,SET-00318,1866.31,33.59,0,INV-00318,Customer 13,2026-10-11,pending,Payroll,Finance,INR
TXN-00319,2026-04-23,14949.75,expense,completed,Merchant 25,Vendor 4,SET-00319,14949.75,269.1,0,INV-00319,Customer 31,2026-09-18,pending,Marketing,Finance,INR
TXN-00320,2026-04-06,10056.18,expense,completed,Merchant 16,Vendor 13,SET-00320,10056.18,181.01,0,INV-00320,Customer 11,2026-09-26,pending,Operations,Finance,INR
TXN-00321,2026-08-17,22900.31,revenue,completed,Merchant 1,Vendor 15,SET-00321,22900.31,412.21,0,INV-00321,Customer 46,2026-10-26,paid,Operations,Sales,INR
TXN-00322,2026-08-02,4345.43,revenue,completed,Merchant 8,Vendor 3,SET-00322,4345.43,78.22,0,INV-00322,Customer 40,2026-10-23,paid,Marketing,Sales,INR
TXN-00323,2026-01-25,19568.72,revenue,completed,Merchant 13,Vendor 1,SET-00323,19568.72,352.24,0,INV-00323,Customer 41,2026-09-02,paid,Sales,Sales,INR
TXN-00324,2026-03-01,8402.86,expense,completed,Merchant 16,Vendor 4,SET-00324,8402.86,151.25,0,INV-00324,Customer 41,2026-09-21,pending,Operations,Finance,INR
TXN-00325,2026-01-15,5930.45,expense,completed,Merchant 6,Vendor 15,SET-00325,5930.45,106.75,0,INV-00325,Customer 36,2026-10-24,pending,Operations,Finance,INR
TXN-00326,2026-03-10,21832.72,expense,completed,Merchant 14,Vendor 14,SET-00326,21832.72,392.99,0,INV-00326,Customer 16,2026-09-07,pending,Software,Finance,INR
TXN-00327,2026-03-17,14489.26,expense,completed,Merchant 11,Vendor 6,SET-00327,14489.26,260.81,0,INV-00327,Customer 17,2026-09-29,pending,Software,Finance,INR
TXN-00328,2026-05-04,11676.52,expense,completed,Merchant 4,Vendor 5,SET-00328,11676.52,210.18,0,INV-00328,Customer 33,2026-09-01,pending,Payroll,Finance,INR
TXN-00329,2026-08-02,14218.59,revenue,completed,Merchant 10,Vendor 4,SET-00329,14218.59,255.93,0,INV-00329,Customer 17,2026-10-16,paid,Operations,Sales,INR
TXN-00330,2026-03-08,11085.46,expense,completed,Merchant 8,Vendor 8,SET-00330,11085.46,199.54,0,INV-00330,Customer 7,2026-09-22,pending,Marketing,Finance,INR
TXN-00331,2026-01-15,22456.89,expense,completed,Merchant 27,Vendor 10,SET-00331,22456.89,404.22,0,INV-00331,Customer 10,2026-10-08,pending,Software,Finance,INR
TXN-00332,2026-03-29,20272.07,expense,completed,Merchant 17,Vendor 5,SET-00332,20272.07,364.9,0,INV-00332,Customer 29,2026-08-29,pending,Procurement,Finance,INR
TXN-00333,2026-04-22,5052.61,expense,completed,Merchant 2,Vendor 14,SET-00333,5052.61,90.95,252.63,INV-00333,Customer 14,2026-09-15,pending,Travel,Finance,INR
TXN-00334,2026-02-16,3882.83,revenue,completed,Merchant 17,Vendor 8,SET-00334,3649.86,69.89,0,INV-00334,Customer 46,2026-09-09,paid,Operations,Sales,INR
TXN-00335,2026-08-16,20809.79,revenue,completed,Merchant 20,Vendor 16,SET-00335,20809.79,374.58,0,INV-00335,Customer 49,2026-09-15,paid,Operations,Sales,INR
TXN-00336,2026-06-21,3857.5,revenue,completed,Merchant 23,Vendor 7,SET-00336,3857.5,69.43,0,INV-00336,Customer 38,2026-09-17,paid,Operations,Sales,INR
TXN-00337,2026-07-07,2109.53,revenue,completed,Merchant 17,Vendor 14,SET-00337,2109.53,37.97,0,INV-00337,Customer 47,2026-10-26,paid,Software,Sales,INR
TXN-00338,2026-08-04,8712.88,expense,completed,Merchant 21,Vendor 16,SET-00338,8712.88,156.83,0,INV-00338,Customer 6,2026-08-29,pending,Sales,Finance,INR
TXN-00339,2026-06-20,3765.41,expense,completed,Merchant 9,Vendor 8,SET-00339,3765.41,67.78,0,INV-00339,Customer 12,2026-10-04,pending,Procurement,Finance,INR
TXN-00340,2026-06-29,1398.43,expense,completed,Merchant 12,Vendor 19,SET-00340,1398.43,25.17,0,INV-00340,Customer 39,2026-10-22,pending,Software,Finance,INR
TXN-00341,2026-04-25,13235.66,expense,completed,Merchant 17,Vendor 3,SET-00341,13235.66,238.24,0,INV-00341,Customer 8,2026-09-20,pending,Payroll,Finance,INR
TXN-00342,2026-08-10,20505.12,revenue,completed,Merchant 11,Vendor 13,SET-00342,20505.12,369.09,0,INV-00342,Customer 37,2026-10-16,paid,Software,Sales,INR
TXN-00343,2026-07-07,21883.68,expense,completed,Merchant 16,Vendor 15,SET-00343,21883.68,393.91,0,INV-00343,Customer 33,2026-08-30,pending,Travel,Finance,INR
TXN-00344,2026-01-23,1006.85,revenue,completed,Merchant 8,Vendor 20,SET-00344,1006.85,18.12,0,INV-00344,Customer 12,2026-09-08,paid,Software,Sales,INR
TXN-00345,2026-07-29,6636.22,expense,completed,Merchant 1,Vendor 1,SET-00345,6636.22,119.45,0,INV-00345,Customer 7,2026-10-27,pending,Payroll,Finance,INR
TXN-00346,2026-08-03,6904.77,revenue,completed,Merchant 20,Vendor 19,SET-00346,6904.77,124.29,0,INV-00346,Customer 30,2026-10-01,paid,Operations,Sales,INR
TXN-00347,2026-08-11,3020.18,expense,completed,Merchant 4,Vendor 6,SET-00347,3020.18,54.36,0,INV-00347,Customer 3,2026-09-15,pending,Software,Finance,INR
TXN-00348,2026-05-09,12593.0,expense,completed,Merchant 25,Vendor 9,SET-00348,12593.0,226.67,0,INV-00348,Customer 8,2026-09-05,pending,Software,Finance,INR
TXN-00349,2026-05-19,22168.73,expense,completed,Merchant 19,Vendor 8,SET-00349,22168.73,399.04,0,INV-00349,Customer 15,2026-09-07,pending,Payroll,Finance,INR
TXN-00350,2026-02-12,18791.17,expense,completed,Merchant 27,Vendor 1,SET-00350,18791.17,338.24,0,INV-00350,Customer 41,2026-09-22,pending,Payroll,Finance,INR
TXN-00351,2026-06-04,15127.49,expense,completed,Merchant 17,Vendor 2,SET-00351,15127.49,272.29,0,INV-00351,Customer 26,2026-09-01,pending,Procurement,Finance,INR
TXN-00352,2026-03-03,8794.44,expense,completed,Merchant 27,Vendor 11,SET-00352,8794.44,158.3,0,INV-00352,Customer 46,2026-09-25,pending,Procurement,Finance,INR
TXN-00353,2026-08-05,20468.56,expense,completed,Merchant 18,Vendor 2,SET-00353,20468.56,368.43,0,INV-00353,Customer 21,2026-10-01,pending,Operations,Finance,INR
TXN-00354,2026-04-19,6607.47,expense,completed,Merchant 22,Vendor 1,SET-00354,6607.47,118.93,0,INV-00354,Customer 24,2026-09-04,pending,Travel,Finance,INR
TXN-00355,2026-04-21,2196.97,revenue,completed,Merchant 7,Vendor 17,SET-00355,2196.97,39.55,0,INV-00355,Customer 43,2026-08-30,paid,Operations,Sales,INR
TXN-00356,2026-04-12,10807.84,revenue,completed,Merchant 25,Vendor 15,SET-00356,10807.84,194.54,0,INV-00356,Customer 41,2026-08-31,paid,Procurement,Sales,INR
TXN-00357,2026-06-14,1342.15,revenue,completed,Merchant 20,Vendor 9,SET-00357,1342.15,24.16,0,INV-00357,Customer 44,2026-10-07,paid,Marketing,Sales,INR
TXN-00358,2026-03-06,15720.82,revenue,completed,Merchant 4,Vendor 17,SET-00358,15720.82,282.97,0,INV-00358,Customer 1,2026-09-25,paid,Operations,Sales,INR
TXN-00359,2026-03-20,7544.31,revenue,completed,Merchant 12,Vendor 6,SET-00359,7544.31,135.8,0,INV-00359,Customer 8,2026-09-01,paid,Travel,Sales,INR
TXN-00360,2026-06-01,2569.61,expense,completed,Merchant 18,Vendor 5,SET-00360,2569.61,46.25,0,INV-00360,Customer 29,2026-09-05,pending,Travel,Finance,INR
TXN-00361,2026-08-23,22187.17,revenue,completed,Merchant 14,Vendor 19,SET-00361,22187.17,399.37,0,INV-00361,Customer 19,2026-09-15,paid,Operations,Sales,INR
TXN-00362,2026-03-15,18639.89,revenue,completed,Merchant 27,Vendor 15,SET-00362,18639.89,335.52,0,INV-00362,Customer 40,2026-10-12,paid,Travel,Sales,INR
TXN-00363,2026-02-21,16433.75,revenue,completed,Merchant 18,Vendor 12,SET-00363,16433.75,295.81,0,INV-00363,Customer 30,2026-10-25,paid,Travel,Sales,INR
TXN-00364,2026-05-01,15513.59,expense,completed,Merchant 27,Vendor 10,SET-00364,15513.59,279.24,0,INV-00364,Customer 2,2026-09-13,pending,Marketing,Finance,INR
TXN-00365,2026-05-20,5125.7,revenue,completed,Merchant 13,Vendor 19,SET-00365,5125.7,92.26,0,INV-00365,Customer 26,2026-08-29,paid,Marketing,Sales,INR
TXN-00366,2026-03-03,21615.7,revenue,completed,Merchant 11,Vendor 18,SET-00366,21615.7,389.08,0,INV-00366,Customer 21,2026-09-29,paid,Marketing,Sales,INR
TXN-00367,2026-02-25,22020.13,expense,completed,Merchant 10,Vendor 2,SET-00367,22020.13,396.36,0,INV-00367,Customer 2,2026-09-08,pending,Travel,Finance,INR
TXN-00368,2026-03-31,15345.14,revenue,completed,Merchant 15,Vendor 2,SET-00368,15345.14,276.21,0,INV-00368,Customer 34,2026-09-22,paid,Procurement,Sales,INR
TXN-00369,2026-07-15,9175.78,expense,completed,Merchant 4,Vendor 17,SET-00369,9175.78,165.16,0,INV-00369,Customer 15,2026-10-11,pending,Payroll,Finance,INR
TXN-00370,2026-06-21,10710.42,revenue,completed,Merchant 12,Vendor 5,SET-00370,10710.42,192.79,0,INV-00370,Customer 44,2026-09-10,paid,Travel,Sales,INR
TXN-00371,2026-05-13,20619.24,expense,completed,Merchant 4,Vendor 16,SET-00371,19382.09,371.15,0,INV-00371,Customer 18,2026-10-18,pending,Payroll,Finance,INR
TXN-00372,2026-01-27,10619.33,revenue,completed,Merchant 1,Vendor 14,SET-00372,10619.33,191.15,0,INV-00372,Customer 36,2026-10-05,paid,Software,Sales,INR
TXN-00373,2026-05-27,10238.59,expense,completed,Merchant 5,Vendor 14,SET-00373,10238.59,184.29,0,INV-00373,Customer 18,2026-10-23,pending,Travel,Finance,INR
TXN-00374,2026-04-26,9799.28,revenue,completed,Merchant 23,Vendor 15,SET-00374,9799.28,176.39,0,INV-00374,Customer 19,2026-10-14,paid,Marketing,Sales,INR
TXN-00375,2026-05-15,9147.37,expense,completed,Merchant 18,Vendor 20,SET-00375,9147.37,164.65,0,INV-00375,Customer 25,2026-10-09,pending,Marketing,Finance,INR
TXN-00376,2026-08-06,19783.41,revenue,completed,Merchant 16,Vendor 13,SET-00376,19783.41,356.1,0,INV-00376,Customer 29,2026-09-17,paid,Operations,Sales,INR
TXN-00377,2026-04-22,20172.34,expense,completed,Merchant 19,Vendor 13,SET-00377,20172.34,363.1,0,INV-00377,Customer 38,2026-09-12,pending,Software,Finance,INR
TXN-00378,2026-08-04,8434.74,expense,completed,Merchant 20,Vendor 8,SET-00378,8434.74,151.83,0,INV-00378,Customer 21,2026-09-11,pending,Sales,Finance,INR
TXN-00379,2026-03-07,1126.59,revenue,completed,Merchant 19,Vendor 16,SET-00379,1126.59,20.28,0,INV-00379,Customer 20,2026-10-26,paid,Travel,Sales,INR
TXN-00380,2026-04-22,13693.24,expense,completed,Merchant 17,Vendor 17,SET-00380,13693.24,246.48,0,INV-00380,Customer 47,2026-10-11,pending,Sales,Finance,INR
TXN-00381,2026-01-11,11874.09,expense,completed,Merchant 20,Vendor 12,SET-00381,11874.09,213.73,0,INV-00381,Customer 29,2026-08-29,pending,Payroll,Finance,INR
TXN-00382,2026-01-26,13368.58,revenue,completed,Merchant 14,Vendor 12,SET-00382,13368.58,240.63,0,INV-00382,Customer 33,2026-09-23,paid,Payroll,Sales,INR
TXN-00383,2026-04-18,22055.96,revenue,completed,Merchant 16,Vendor 13,SET-00383,22055.96,397.01,0,INV-00383,Customer 29,2026-10-17,paid,Travel,Sales,INR
TXN-00384,2026-07-11,17443.66,expense,completed,Merchant 27,Vendor 3,SET-00384,17443.66,313.99,0,INV-00384,Customer 11,2026-09-21,pending,Marketing,Finance,INR
TXN-00385,2026-07-31,24471.46,expense,completed,Merchant 10,Vendor 17,SET-00385,24471.46,440.49,0,INV-00385,Customer 12,2026-09-05,pending,Payroll,Finance,INR
TXN-00386,2026-07-30,17402.24,expense,completed,Merchant 17,Vendor 14,SET-00386,17402.24,313.24,0,INV-00386,Customer 41,2026-09-08,pending,Travel,Finance,INR
TXN-00387,2026-02-23,20495.99,expense,completed,Merchant 17,Vendor 7,SET-00387,20495.99,368.93,0,INV-00387,Customer 27,2026-09-09,pending,Software,Finance,INR
TXN-00388,2026-06-11,9153.01,revenue,completed,Merchant 21,Vendor 2,SET-00388,9153.01,164.75,0,INV-00388,Customer 45,2026-09-24,paid,Software,Sales,INR
TXN-00389,2026-06-26,8015.14,revenue,completed,Merchant 18,Vendor 1,SET-00389,8015.14,144.27,0,INV-00389,Customer 20,2026-09-23,paid,Procurement,Sales,INR
TXN-00390,2026-06-21,14861.91,revenue,completed,Merchant 1,Vendor 7,SET-00390,14861.91,267.51,0,INV-00390,Customer 12,2026-09-29,paid,Procurement,Sales,INR
TXN-00391,2026-08-18,21842.89,expense,completed,Merchant 18,Vendor 17,SET-00391,21842.89,393.17,0,INV-00391,Customer 10,2026-10-04,pending,Operations,Finance,INR
TXN-00392,2026-02-07,15242.68,expense,completed,Merchant 6,Vendor 17,SET-00392,15242.68,274.37,0,INV-00392,Customer 49,2026-09-30,pending,Software,Finance,INR
TXN-00393,2026-02-13,2952.54,revenue,completed,Merchant 17,Vendor 16,SET-00393,2952.54,53.15,0,INV-00393,Customer 30,2026-10-07,paid,Sales,Sales,INR
TXN-00394,2026-06-25,16427.46,revenue,completed,Merchant 25,Vendor 19,SET-00394,16427.46,295.69,0,INV-00394,Customer 21,2026-09-07,paid,Payroll,Sales,INR
TXN-00395,2026-02-13,9169.2,revenue,completed,Merchant 2,Vendor 9,SET-00395,9169.2,165.05,0,INV-00395,Customer 41,2026-09-04,paid,Procurement,Sales,INR
TXN-00396,2026-04-26,9047.89,revenue,completed,Merchant 20,Vendor 13,SET-00396,9047.89,162.86,0,INV-00396,Customer 2,2026-09-01,paid,Operations,Sales,INR
TXN-00397,2026-01-12,14775.22,expense,completed,Merchant 15,Vendor 2,SET-00397,14775.22,265.95,0,INV-00397,Customer 40,2026-09-13,pending,Operations,Finance,INR
TXN-00398,2026-08-27,1577.48,revenue,completed,Merchant 19,Vendor 6,SET-00398,1577.48,28.39,0,INV-00398,Customer 21,2026-08-29,paid,Procurement,Sales,INR
TXN-00399,2026-06-04,7940.08,expense,completed,Merchant 9,Vendor 16,SET-00399,7940.08,142.92,0,INV-00399,Customer 5,2026-09-13,pending,Payroll,Finance,INR
TXN-00400,2026-05-30,17035.3,expense,completed,Merchant 8,Vendor 14,SET-00400,17035.3,306.64,0,INV-00400,Customer 20,2026-09-23,pending,Payroll,Finance,INR
TXN-00401,2026-08-11,1049.45,expense,completed,Merchant 8,Vendor 3,SET-00401,1049.45,18.89,0,INV-00401,Customer 12,2026-09-08,pending,Marketing,Finance,INR
TXN-00402,2026-08-14,5070.54,expense,completed,Merchant 10,Vendor 13,SET-00402,5070.54,91.27,0,INV-00402,Customer 36,2026-09-21,pending,Software,Finance,INR
TXN-00403,2026-04-09,13576.89,expense,completed,Merchant 11,Vendor 13,SET-00403,13576.89,244.38,0,INV-00403,Customer 42,2026-09-02,pending,Software,Finance,INR
TXN-00404,2026-03-31,20732.72,expense,completed,Merchant 18,Vendor 8,SET-00404,20732.72,373.19,0,INV-00404,Customer 25,2026-09-10,pending,Sales,Finance,INR
TXN-00405,2026-04-22,8939.74,expense,completed,Merchant 2,Vendor 9,SET-00405,8939.74,160.92,0,INV-00405,Customer 43,2026-08-30,pending,Marketing,Finance,INR
TXN-00406,2026-02-03,6424.09,revenue,completed,Merchant 3,Vendor 7,SET-00406,6424.09,115.63,0,INV-00406,Customer 18,2026-10-02,paid,Procurement,Sales,INR
TXN-00407,2026-04-30,14096.91,revenue,completed,Merchant 27,Vendor 8,SET-00407,14096.91,253.74,0,INV-00407,Customer 11,2026-09-21,paid,Marketing,Sales,INR
TXN-00408,2026-04-07,18200.42,revenue,completed,Merchant 21,Vendor 19,SET-00408,17108.39,327.61,0,INV-00408,Customer 14,2026-09-17,paid,Sales,Sales,INR
TXN-00409,2026-04-26,6068.19,revenue,completed,Merchant 22,Vendor 5,SET-00409,6068.19,109.23,0,INV-00409,Customer 46,2026-09-14,paid,Travel,Sales,INR
TXN-00410,2026-04-05,14895.31,expense,completed,Merchant 18,Vendor 8,SET-00410,14895.31,268.12,0,INV-00410,Customer 26,2026-10-06,pending,Travel,Finance,INR
TXN-00411,2026-07-12,3575.16,revenue,completed,Merchant 4,Vendor 17,SET-00411,3575.16,64.35,0,INV-00411,Customer 6,2026-10-02,paid,Procurement,Sales,INR
TXN-00412,2026-07-15,18530.49,expense,completed,Merchant 13,Vendor 1,SET-00412,18530.49,333.55,0,INV-00412,Customer 43,2026-10-13,pending,Travel,Finance,INR
TXN-00413,2026-04-10,8114.33,revenue,completed,Merchant 23,Vendor 3,SET-00413,8114.33,146.06,0,INV-00413,Customer 45,2026-09-09,paid,Procurement,Sales,INR
TXN-00414,2026-06-19,8365.41,revenue,completed,Merchant 29,Vendor 4,SET-00414,8365.41,150.58,0,INV-00414,Customer 5,2026-10-03,paid,Marketing,Sales,INR
TXN-00415,2026-07-03,5224.2,expense,completed,Merchant 10,Vendor 3,SET-00415,5224.2,94.04,0,INV-00415,Customer 15,2026-09-16,pending,Operations,Finance,INR
TXN-00416,2026-04-14,7417.92,expense,completed,Merchant 28,Vendor 15,SET-00416,7417.92,133.52,370.9,INV-00416,Customer 41,2026-10-24,pending,Payroll,Finance,INR
TXN-00417,2026-02-15,23450.13,revenue,completed,Merchant 1,Vendor 12,SET-00417,23450.13,422.1,0,INV-00417,Customer 44,2026-10-19,paid,Payroll,Sales,INR
TXN-00418,2026-01-07,22475.13,expense,completed,Merchant 22,Vendor 15,SET-00418,22475.13,404.55,0,INV-00418,Customer 16,2026-10-22,pending,Sales,Finance,INR
TXN-00419,2026-01-26,22698.12,expense,completed,Merchant 6,Vendor 10,SET-00419,22698.12,408.57,0,INV-00419,Customer 8,2026-09-15,pending,Travel,Finance,INR
TXN-00420,2026-01-11,17958.38,revenue,completed,Merchant 13,Vendor 2,SET-00420,17958.38,323.25,0,INV-00420,Customer 39,2026-09-08,paid,Sales,Sales,INR
TXN-00421,2026-02-09,19045.51,revenue,completed,Merchant 13,Vendor 2,SET-00421,19045.51,342.82,0,INV-00421,Customer 36,2026-09-17,paid,Payroll,Sales,INR
TXN-00422,2026-02-28,14331.47,revenue,completed,Merchant 19,Vendor 16,SET-00422,14331.47,257.97,0,INV-00422,Customer 46,2026-10-01,paid,Marketing,Sales,INR
TXN-00423,2026-05-28,16918.28,expense,completed,Merchant 12,Vendor 1,SET-00423,16918.28,304.53,0,INV-00423,Customer 8,2026-10-21,pending,Procurement,Finance,INR
TXN-00424,2026-08-13,22576.23,expense,completed,Merchant 28,Vendor 19,SET-00424,22576.23,406.37,0,INV-00424,Customer 39,2026-10-12,pending,Software,Finance,INR
TXN-00425,2026-01-10,17186.19,revenue,completed,Merchant 26,Vendor 11,SET-00425,17186.19,309.35,0,INV-00425,Customer 14,2026-10-17,paid,Marketing,Sales,INR
TXN-00426,2026-07-10,10722.29,revenue,completed,Merchant 13,Vendor 20,SET-00426,10722.29,193.0,0,INV-00426,Customer 15,2026-09-15,paid,Travel,Sales,INR
TXN-00427,2026-04-19,9051.4,revenue,completed,Merchant 15,Vendor 11,SET-00427,9051.4,162.93,0,INV-00427,Customer 45,2026-09-30,paid,Payroll,Sales,INR
TXN-00428,2026-06-23,12962.13,expense,completed,Merchant 23,Vendor 7,SET-00428,12962.13,233.32,0,INV-00428,Customer 28,2026-10-11,pending,Travel,Finance,INR
TXN-00429,2026-02-18,12493.0,revenue,completed,Merchant 2,Vendor 18,SET-00429,12493.0,224.87,0,INV-00429,Customer 17,2026-09-09,paid,Travel,Sales,INR
TXN-00430,2026-06-13,24250.65,revenue,completed,Merchant 8,Vendor 18,SET-00430,24250.65,436.51,0,INV-00430,Customer 17,2026-09-13,paid,Software,Sales,INR
TXN-00431,2026-04-16,9266.73,revenue,completed,Merchant 3,Vendor 7,SET-00431,9266.73,166.8,0,INV-00431,Customer 41,2026-09-17,paid,Operations,Sales,INR
TXN-00432,2026-05-05,17312.68,revenue,completed,Merchant 22,Vendor 16,SET-00432,17312.68,311.63,0,INV-00432,Customer 16,2026-10-13,paid,Operations,Sales,INR
TXN-00433,2026-04-24,13126.85,revenue,completed,Merchant 5,Vendor 12,SET-00433,13126.85,236.28,0,INV-00433,Customer 45,2026-09-17,paid,Operations,Sales,INR
TXN-00434,2026-03-03,14895.07,revenue,completed,Merchant 11,Vendor 4,SET-00434,14895.07,268.11,0,INV-00434,Customer 36,2026-09-25,paid,Procurement,Sales,INR
TXN-00435,2026-02-09,17087.11,revenue,completed,Merchant 20,Vendor 15,SET-00435,17087.11,307.57,0,INV-00435,Customer 26,2026-10-21,paid,Operations,Sales,INR
TXN-00436,2026-01-04,17408.2,revenue,completed,Merchant 12,Vendor 16,SET-00436,17408.2,313.35,0,INV-00436,Customer 14,2026-08-31,paid,Software,Sales,INR
TXN-00437,2026-01-29,7945.64,expense,completed,Merchant 23,Vendor 10,SET-00437,7945.64,143.02,0,INV-00437,Customer 29,2026-09-05,pending,Operations,Finance,INR
TXN-00438,2026-05-26,11404.28,expense,completed,Merchant 12,Vendor 10,SET-00438,11404.28,205.28,0,INV-00438,Customer 11,2026-10-03,pending,Software,Finance,INR
TXN-00439,2026-07-12,764.95,revenue,completed,Merchant 16,Vendor 3,SET-00439,764.95,13.77,0,INV-00439,Customer 48,2026-10-13,paid,Marketing,Sales,INR
TXN-00440,2026-05-06,3165.66,expense,completed,Merchant 14,Vendor 16,SET-00440,3165.66,56.98,0,INV-00440,Customer 13,2026-10-18,pending,Travel,Finance,INR
TXN-00441,2026-08-24,703.4,expense,completed,Merchant 3,Vendor 10,SET-00441,703.4,12.66,0,INV-00441,Customer 41,2026-10-07,pending,Payroll,Finance,INR
TXN-00442,2026-01-21,16500.29,expense,completed,Merchant 5,Vendor 1,SET-00442,16500.29,297.01,0,INV-00442,Customer 2,2026-10-17,pending,Sales,Finance,INR
TXN-00443,2026-02-17,7759.73,revenue,completed,Merchant 21,Vendor 17,SET-00443,7759.73,139.68,0,INV-00443,Customer 44,2026-09-08,paid,Software,Sales,INR
TXN-00444,2026-03-25,18686.92,expense,completed,Merchant 13,Vendor 6,SET-00444,18686.92,336.36,0,INV-00444,Customer 42,2026-10-20,pending,Marketing,Finance,INR
TXN-00445,2026-02-04,6140.53,expense,completed,Merchant 18,Vendor 12,SET-00445,5772.1,110.53,0,INV-00445,Customer 17,2026-09-13,pending,Software,Finance,INR
TXN-00446,2026-07-25,3127.28,revenue,completed,Merchant 21,Vendor 13,SET-00446,3127.28,56.29,0,INV-00446,Customer 4,2026-09-11,paid,Sales,Sales,INR
TXN-00447,2026-02-10,12738.49,expense,completed,Merchant 10,Vendor 20,SET-00447,12738.49,229.29,0,INV-00447,Customer 38,2026-10-08,pending,Software,Finance,INR
TXN-00448,2026-02-11,17355.61,revenue,completed,Merchant 5,Vendor 15,SET-00448,17355.61,312.4,0,INV-00448,Customer 41,2026-09-23,paid,Software,Sales,INR
TXN-00449,2026-05-03,21341.4,revenue,completed,Merchant 7,Vendor 7,SET-00449,21341.4,384.15,0,INV-00449,Customer 47,2026-09-21,paid,Software,Sales,INR
TXN-00450,2026-08-07,21100.17,revenue,completed,Merchant 27,Vendor 17,SET-00450,21100.17,379.8,0,INV-00450,Customer 28,2026-09-07,paid,Marketing,Sales,INR
TXN-00451,2026-05-12,16709.81,revenue,completed,Merchant 23,Vendor 14,SET-00451,16709.81,300.78,0,INV-00451,Customer 22,2026-09-02,paid,Sales,Sales,INR
TXN-00452,2026-07-31,16819.55,revenue,completed,Merchant 6,Vendor 6,SET-00452,16819.55,302.75,0,INV-00452,Customer 25,2026-09-16,paid,Software,Sales,INR
TXN-00453,2026-06-22,20202.0,expense,completed,Merchant 12,Vendor 19,SET-00453,20202.0,363.64,0,INV-00453,Customer 13,2026-09-28,pending,Software,Finance,INR
TXN-00454,2026-04-20,13161.11,expense,completed,Merchant 18,Vendor 5,SET-00454,13161.11,236.9,0,INV-00454,Customer 26,2026-10-06,pending,Travel,Finance,INR
TXN-00455,2026-01-16,20373.13,revenue,completed,Merchant 24,Vendor 11,SET-00455,20373.13,366.72,0,INV-00455,Customer 39,2026-10-10,paid,Marketing,Sales,INR
TXN-00456,2026-05-04,23843.85,expense,completed,Merchant 22,Vendor 5,SET-00456,23843.85,429.19,0,INV-00456,Customer 20,2026-10-23,pending,Marketing,Finance,INR
TXN-00457,2026-02-26,21278.7,revenue,completed,Merchant 22,Vendor 15,SET-00457,21278.7,383.02,0,INV-00457,Customer 45,2026-09-03,paid,Operations,Sales,INR
TXN-00458,2026-04-17,14094.49,expense,completed,Merchant 12,Vendor 17,SET-00458,14094.49,253.7,0,INV-00458,Customer 16,2026-10-04,pending,Sales,Finance,INR
TXN-00459,2026-02-28,6896.49,expense,completed,Merchant 6,Vendor 7,SET-00459,6896.49,124.14,0,INV-00459,Customer 36,2026-10-15,pending,Software,Finance,INR
TXN-00460,2026-03-06,21623.25,revenue,completed,Merchant 21,Vendor 4,SET-00460,21623.25,389.22,0,INV-00460,Customer 13,2026-10-01,paid,Payroll,Sales,INR
TXN-00461,2026-02-28,17872.9,expense,completed,Merchant 18,Vendor 15,SET-00461,17872.9,321.71,0,INV-00461,Customer 15,2026-10-02,pending,Travel,Finance,INR
TXN-00462,2026-08-21,18521.87,revenue,completed,Merchant 19,Vendor 19,SET-00462,18521.87,333.39,0,INV-00462,Customer 6,2026-10-22,paid,Sales,Sales,INR
TXN-00463,2026-02-04,20108.19,revenue,completed,Merchant 28,Vendor 17,SET-00463,20108.19,361.95,0,INV-00463,Customer 36,2026-09-30,paid,Payroll,Sales,INR
TXN-00464,2026-07-04,15851.57,revenue,completed,Merchant 17,Vendor 4,SET-00464,15851.57,285.33,0,INV-00464,Customer 30,2026-10-21,paid,Payroll,Sales,INR
TXN-00465,2026-02-19,13835.34,expense,completed,Merchant 19,Vendor 16,SET-00465,13835.34,249.04,0,INV-00465,Customer 6,2026-09-06,pending,Marketing,Finance,INR
TXN-00466,2026-01-13,10406.73,revenue,completed,Merchant 12,Vendor 2,SET-00466,10406.73,187.32,0,INV-00466,Customer 1,2026-10-12,paid,Travel,Sales,INR
TXN-00467,2026-01-31,11762.79,revenue,completed,Merchant 23,Vendor 5,SET-00467,11762.79,211.73,0,INV-00467,Customer 28,2026-10-26,paid,Software,Sales,INR
TXN-00468,2026-08-23,14292.5,revenue,completed,Merchant 24,Vendor 12,SET-00468,14292.5,257.26,0,INV-00468,Customer 11,2026-09-21,paid,Payroll,Sales,INR
TXN-00469,2026-07-08,20200.69,expense,completed,Merchant 22,Vendor 1,SET-00469,20200.69,363.61,0,INV-00469,Customer 17,2026-09-05,pending,Operations,Finance,INR
TXN-00470,2026-05-15,13072.93,expense,completed,Merchant 12,Vendor 16,SET-00470,13072.93,235.31,0,INV-00470,Customer 3,2026-10-20,pending,Travel,Finance,INR
TXN-00471,2026-05-21,2941.31,expense,completed,Merchant 11,Vendor 20,SET-00471,2941.31,52.94,0,INV-00471,Customer 8,2026-08-31,pending,Payroll,Finance,INR
TXN-00472,2026-02-19,6737.76,revenue,completed,Merchant 23,Vendor 15,SET-00472,6737.76,121.28,0,INV-00472,Customer 2,2026-10-21,paid,Travel,Sales,INR
TXN-00473,2026-01-06,3282.62,expense,completed,Merchant 16,Vendor 4,SET-00473,3282.62,59.09,0,INV-00473,Customer 5,2026-10-19,pending,Marketing,Finance,INR
TXN-00474,2026-08-27,4181.0,revenue,completed,Merchant 10,Vendor 13,SET-00474,4181.0,75.26,0,INV-00474,Customer 10,2026-10-05,paid,Marketing,Sales,INR
TXN-00475,2026-01-04,23744.78,expense,completed,Merchant 1,Vendor 11,SET-00475,23744.78,427.41,0,INV-00475,Customer 10,2026-09-29,pending,Travel,Finance,INR
TXN-00476,2026-07-24,21889.94,expense,completed,Merchant 27,Vendor 2,SET-00476,21889.94,394.02,0,INV-00476,Customer 5,2026-09-09,pending,Travel,Finance,INR
TXN-00477,2026-02-10,21152.49,expense,completed,Merchant 23,Vendor 15,SET-00477,21152.49,380.74,0,INV-00477,Customer 26,2026-09-12,pending,Procurement,Finance,INR
TXN-00478,2026-05-16,9342.85,revenue,completed,Merchant 7,Vendor 10,SET-00478,9342.85,168.17,0,INV-00478,Customer 9,2026-10-05,paid,Travel,Sales,INR
TXN-00479,2026-07-29,5678.81,revenue,completed,Merchant 12,Vendor 15,SET-00479,5678.81,102.22,0,INV-00479,Customer 22,2026-10-04,paid,Sales,Sales,INR
TXN-00480,2026-03-22,23466.6,expense,completed,Merchant 1,Vendor 11,SET-00480,23466.6,422.4,0,INV-00480,Customer 38,2026-09-28,pending,Marketing,Finance,INR
TXN-00481,2026-04-28,1002.55,revenue,completed,Merchant 29,Vendor 20,SET-00481,1002.55,18.05,0,INV-00481,Customer 3,2026-10-08,paid,Operations,Sales,INR
TXN-00482,2026-03-11,7180.34,revenue,completed,Merchant 3,Vendor 17,SET-00482,6749.52,129.25,0,INV-00482,Customer 17,2026-09-20,paid,Travel,Sales,INR
TXN-00483,2026-01-09,24808.47,revenue,completed,Merchant 18,Vendor 4,SET-00483,24808.47,446.55,0,INV-00483,Customer 13,2026-10-17,paid,Sales,Sales,INR
TXN-00484,2026-03-14,9391.31,revenue,completed,Merchant 26,Vendor 8,SET-00484,9391.31,169.04,0,INV-00484,Customer 10,2026-10-11,paid,Software,Sales,INR
TXN-00485,2026-03-29,24092.45,expense,completed,Merchant 24,Vendor 12,SET-00485,24092.45,433.66,0,INV-00485,Customer 33,2026-10-22,pending,Payroll,Finance,INR
TXN-00486,2026-05-21,9085.53,revenue,completed,Merchant 23,Vendor 13,SET-00486,9085.53,163.54,0,INV-00486,Customer 22,2026-09-01,paid,Payroll,Sales,INR
TXN-00487,2026-08-15,16957.95,expense,completed,Merchant 26,Vendor 16,SET-00487,16957.95,305.24,0,INV-00487,Customer 33,2026-09-21,pending,Operations,Finance,INR
TXN-00488,2026-02-08,24917.51,revenue,completed,Merchant 5,Vendor 7,SET-00488,24917.51,448.52,0,INV-00488,Customer 1,2026-10-24,paid,Procurement,Sales,INR
TXN-00489,2026-04-12,10422.05,expense,completed,Merchant 19,Vendor 10,SET-00489,10422.05,187.6,0,INV-00489,Customer 11,2026-10-05,pending,Software,Finance,INR
TXN-00490,2026-03-20,7886.49,revenue,completed,Merchant 9,Vendor 19,SET-00490,7886.49,141.96,0,INV-00490,Customer 36,2026-10-10,paid,Marketing,Sales,INR
TXN-00491,2026-05-30,23070.0,revenue,completed,Merchant 3,Vendor 19,SET-00491,23070.0,415.26,0,INV-00491,Customer 12,2026-09-17,paid,Travel,Sales,INR
TXN-00492,2026-04-02,24692.82,expense,completed,Merchant 25,Vendor 14,SET-00492,24692.82,444.47,0,INV-00492,Customer 47,2026-10-23,pending,Software,Finance,INR
TXN-00493,2026-02-14,8321.8,expense,completed,Merchant 9,Vendor 9,SET-00493,8321.8,149.79,0,INV-00493,Customer 35,2026-08-30,pending,Procurement,Finance,INR
TXN-00494,2026-03-02,15848.01,revenue,completed,Merchant 23,Vendor 1,SET-00494,15848.01,285.26,0,INV-00494,Customer 14,2026-09-01,paid,Sales,Sales,INR
TXN-00495,2026-06-04,5408.52,expense,completed,Merchant 10,Vendor 17,SET-00495,5408.52,97.35,0,INV-00495,Customer 42,2026-09-04,pending,Operations,Finance,INR
TXN-00496,2026-02-03,18480.29,revenue,completed,Merchant 20,Vendor 2,SET-00496,18480.29,332.65,0,INV-00496,Customer 6,2026-09-02,paid,Procurement,Sales,INR
TXN-00497,2026-01-02,18115.85,expense,completed,Merchant 7,Vendor 9,SET-00497,18115.85,326.09,0,INV-00497,Customer 35,2026-10-09,pending,Software,Finance,INR
TXN-00498,2026-02-24,23110.75,expense,completed,Merchant 11,Vendor 11,SET-00498,23110.75,415.99,0,INV-00498,Customer 48,2026-08-30,pending,Payroll,Finance,INR
TXN-00499,2026-06-23,10430.29,expense,completed,Merchant 26,Vendor 11,SET-00499,10430.29,187.75,521.51,INV-00499,Customer 12,2026-09-01,pending,Procurement,Finance,INR
TXN-00500,2026-01-23,20008.42,expense,completed,Merchant 21,Vendor 20,SET-00500,20008.42,360.15,0,INV-00500,Customer 22,2026-10-17,pending,Sales,Finance,INR
TXN-00501,2026-08-12,250000,expense,completed,Merchant 1,Vendor 1,SET-00501,250000,4500.0,0,INV-00501,Customer 21,2026-10-04,pending,Payroll,Finance,INR
TXN-00502,2026-06-07,1872.43,expense,completed,Merchant 23,Vendor 11,SET-00502,1872.43,33.7,0,INV-00502,Customer 11,2026-09-03,pending,Software,Finance,INR
TXN-00503,2026-05-16,5656.81,revenue,completed,Merchant 25,Vendor 3,SET-00503,5656.81,101.82,0,INV-00503,Customer 23,2026-10-20,paid,Marketing,Sales,INR
TXN-00504,2026-06-24,8930.65,expense,completed,Merchant 19,Vendor 18,SET-00504,8930.65,160.75,0,INV-00504,Customer 10,2026-10-10,pending,Travel,Finance,INR
TXN-00505,2026-06-08,6135.08,expense,completed,Merchant 9,Vendor 16,SET-00505,6135.08,110.43,0,INV-00505,Customer 49,2026-08-31,pending,Procurement,Finance,INR
TXN-00506,2026-05-21,16465.2,expense,completed,Merchant 23,Vendor 15,SET-00506,16465.2,296.37,0,INV-00506,Customer 36,2026-09-15,pending,Marketing,Finance,INR
TXN-00507,2026-01-03,3730.68,expense,completed,Merchant 18,Vendor 16,SET-00507,3730.68,67.15,0,INV-00507,Customer 7,2026-10-09,pending,Procurement,Finance,INR
TXN-00508,2026-06-10,4189.53,expense,completed,Merchant 8,Vendor 13,SET-00508,4189.53,75.41,0,INV-00508,Customer 49,2026-09-03,pending,Software,Finance,INR
TXN-00509,2026-05-20,3494.45,revenue,completed,Merchant 17,Vendor 7,SET-00509,3494.45,62.9,0,INV-00509,Customer 36,2026-10-17,paid,Operations,Sales,INR
TXN-00510,2026-04-04,23523.81,expense,completed,Merchant 24,Vendor 5,SET-00510,23523.81,423.43,0,INV-00510,Customer 12,2026-10-23,pending,Payroll,Finance,INR
TXN-00511,2026-03-31,13448.2,revenue,completed,Merchant 25,Vendor 8,SET-00511,13448.2,242.07,0,INV-00511,Customer 29,2026-10-23,paid,Sales,Sales,INR
TXN-00512,2026-03-30,16085.08,revenue,completed,Merchant 29,Vendor 13,SET-00512,16085.08,289.53,0,INV-00512,Customer 30,2026-09-11,paid,Marketing,Sales,INR
TXN-00513,2026-07-07,3141.2,revenue,completed,Merchant 1,Vendor 3,SET-00513,3141.2,56.54,0,INV-00513,Customer 42,2026-10-26,paid,Sales,Sales,INR
TXN-00514,2026-05-25,1969.65,expense,completed,Merchant 13,Vendor 14,SET-00514,1969.65,35.45,0,INV-00514,Customer 25,2026-10-10,pending,Payroll,Finance,INR
TXN-00515,2026-01-06,1252.31,revenue,completed,Merchant 9,Vendor 14,SET-00515,1252.31,22.54,0,INV-00515,Customer 16,2026-09-12,paid,Marketing,Sales,INR
TXN-00516,2026-04-19,8488.11,revenue,completed,Merchant 21,Vendor 9,SET-00516,8488.11,152.79,0,INV-00516,Customer 20,2026-10-24,paid,Sales,Sales,INR
TXN-00517,2026-07-22,24542.95,revenue,completed,Merchant 6,Vendor 16,SET-00517,24542.95,441.77,0,INV-00517,Customer 18,2026-10-16,paid,Operations,Sales,INR
TXN-00518,2026-03-26,7422.87,expense,completed,Merchant 1,Vendor 16,SET-00518,7422.87,133.61,0,INV-00518,Customer 16,2026-09-08,pending,Marketing,Finance,INR
TXN-00519,2026-01-14,5695.66,expense,completed,Merchant 29,Vendor 7,SET-00519,5353.92,102.52,0,INV-00519,Customer 48,2026-09-21,pending,Software,Finance,INR
TXN-00520,2026-08-10,4966.28,expense,completed,Merchant 5,Vendor 10,SET-00520,4966.28,89.39,0,INV-00520,Customer 44,2026-08-30,pending,Procurement,Finance,INR
TXN-00521,2026-08-22,4222.23,revenue,completed,Merchant 1,Vendor 5,SET-00521,4222.23,76.0,0,INV-00521,Customer 20,2026-09-07,paid,Travel,Sales,INR
TXN-00522,2026-02-13,2889.94,expense,completed,Merchant 15,Vendor 13,SET-00522,2889.94,52.02,0,INV-00522,Customer 6,2026-09-24,pending,Marketing,Finance,INR
TXN-00523,2026-08-18,22107.81,expense,completed,Merchant 2,Vendor 19,SET-00523,22107.81,397.94,0,INV-00523,Customer 16,2026-09-10,pending,Procurement,Finance,INR
TXN-00524,2026-05-10,1427.91,revenue,completed,Merchant 20,Vendor 8,SET-00524,1427.91,25.7,0,INV-00524,Customer 37,2026-09-25,paid,Payroll,Sales,INR
TXN-00525,2026-01-13,18348.36,revenue,completed,Merchant 29,Vendor 11,SET-00525,18348.36,330.27,0,INV-00525,Customer 5,2026-10-24,paid,Software,Sales,INR
TXN-00526,2026-02-04,23950.56,revenue,completed,Merchant 17,Vendor 14,SET-00526,23950.56,431.11,0,INV-00526,Customer 1,2026-09-09,paid,Operations,Sales,INR
TXN-00527,2026-05-20,16013.43,revenue,completed,Merchant 17,Vendor 4,SET-00527,16013.43,288.24,0,INV-00527,Customer 34,2026-09-20,paid,Procurement,Sales,INR
TXN-00528,2026-01-20,23952.37,expense,completed,Merchant 12,Vendor 7,SET-00528,23952.37,431.14,0,INV-00528,Customer 15,2026-10-14,pending,Software,Finance,INR
TXN-00529,2026-01-04,17737.78,expense,completed,Merchant 9,Vendor 9,SET-00529,17737.78,319.28,0,INV-00529,Customer 5,2026-08-31,pending,Operations,Finance,INR
TXN-00530,2026-05-23,10499.0,revenue,completed,Merchant 12,Vendor 9,SET-00530,10499.0,188.98,0,INV-00530,Customer 1,2026-09-18,paid,Payroll,Sales,INR
TXN-00531,2026-05-20,16501.3,revenue,completed,Merchant 10,Vendor 18,SET-00531,16501.3,297.02,0,INV-00531,Customer 22,2026-10-12,paid,Sales,Sales,INR
TXN-00532,2026-03-23,10282.44,expense,completed,Merchant 18,Vendor 14,SET-00532,10282.44,185.08,0,INV-00532,Customer 25,2026-09-07,pending,Sales,Finance,INR
TXN-00533,2026-07-25,22101.15,expense,completed,Merchant 5,Vendor 1,SET-00533,22101.15,397.82,0,INV-00533,Customer 16,2026-10-06,pending,Travel,Finance,INR
TXN-00534,2026-07-06,17494.8,expense,completed,Merchant 13,Vendor 8,SET-00534,17494.8,314.91,0,INV-00534,Customer 13,2026-10-10,pending,Software,Finance,INR
TXN-00535,2026-07-20,21154.9,revenue,completed,Merchant 2,Vendor 2,SET-00535,21154.9,380.79,0,INV-00535,Customer 26,2026-10-12,paid,Travel,Sales,INR
TXN-00536,2026-04-24,17278.85,expense,completed,Merchant 18,Vendor 11,SET-00536,17278.85,311.02,0,INV-00536,Customer 30,2026-10-04,pending,Software,Finance,INR
TXN-00537,2026-08-07,18782.06,expense,completed,Merchant 16,Vendor 17,SET-00537,18782.06,338.08,0,INV-00537,Customer 22,2026-10-05,pending,Travel,Finance,INR
TXN-00538,2026-06-11,6243.65,expense,completed,Merchant 26,Vendor 13,SET-00538,6243.65,112.39,0,INV-00538,Customer 23,2026-10-13,pending,Software,Finance,INR
TXN-00539,2026-03-10,24410.32,expense,completed,Merchant 20,Vendor 11,SET-00539,24410.32,439.39,0,INV-00539,Customer 5,2026-10-08,pending,Procurement,Finance,INR
TXN-00540,2026-07-15,23136.72,revenue,completed,Merchant 9,Vendor 9,SET-00540,23136.72,416.46,0,INV-00540,Customer 31,2026-10-22,paid,Payroll,Sales,INR
TXN-00541,2026-05-03,13290.06,expense,completed,Merchant 19,Vendor 8,SET-00541,13290.06,239.22,0,INV-00541,Customer 10,2026-09-02,pending,Procurement,Finance,INR
TXN-00542,2026-05-16,13336.33,expense,completed,Merchant 6,Vendor 12,SET-00542,13336.33,240.05,0,INV-00542,Customer 16,2026-10-11,pending,Operations,Finance,INR
TXN-00543,2026-04-28,20636.18,revenue,completed,Merchant 6,Vendor 2,SET-00543,20636.18,371.45,0,INV-00543,Customer 21,2026-09-22,paid,Marketing,Sales,INR
TXN-00544,2026-02-09,3514.33,expense,completed,Merchant 23,Vendor 9,SET-00544,3514.33,63.26,0,INV-00544,Customer 25,2026-09-04,pending,Marketing,Finance,INR
TXN-00545,2026-05-14,16743.61,expense,completed,Merchant 17,Vendor 10,SET-00545,16743.61,301.38,0,INV-00545,Customer 29,2026-10-10,pending,Software,Finance,INR
TXN-00546,2026-04-25,10190.93,expense,completed,Merchant 23,Vendor 4,SET-00546,10190.93,183.44,0,INV-00546,Customer 29,2026-10-08,pending,Sales,Finance,INR
TXN-00547,2026-02-08,19090.67,revenue,completed,Merchant 1,Vendor 5,SET-00547,19090.67,343.63,0,INV-00547,Customer 24,2026-09-29,paid,Travel,Sales,INR
TXN-00548,2026-05-14,15757.26,revenue,completed,Merchant 11,Vendor 13,SET-00548,15757.26,283.63,0,INV-00548,Customer 17,2026-08-30,paid,Travel,Sales,INR
TXN-00549,2026-03-08,519.79,revenue,completed,Merchant 2,Vendor 19,SET-00549,519.79,9.36,0,INV-00549,Customer 12,2026-09-17,paid,Payroll,Sales,INR
TXN-00550,2026-03-07,22964.66,expense,completed,Merchant 8,Vendor 9,SET-00550,22964.66,413.36,0,INV-00550,Customer 29,2026-09-03,pending,Travel,Finance,INR
TXN-00551,2026-02-21,21542.83,expense,completed,Merchant 5,Vendor 14,SET-00551,21542.83,387.77,0,INV-00551,Customer 19,2026-10-07,pending,Procurement,Finance,INR
TXN-00552,2026-07-03,23052.74,expense,completed,Merchant 15,Vendor 13,SET-00552,23052.74,414.95,0,INV-00552,Customer 24,2026-08-31,pending,Payroll,Finance,INR
TXN-00553,2026-04-21,24259.69,expense,completed,Merchant 21,Vendor 20,SET-00553,24259.69,436.67,0,INV-00553,Customer 17,2026-09-20,pending,Operations,Finance,INR
TXN-00554,2026-02-03,21317.59,expense,completed,Merchant 20,Vendor 7,SET-00554,21317.59,383.72,0,INV-00554,Customer 46,2026-10-05,pending,Marketing,Finance,INR
TXN-00555,2026-03-26,16807.23,revenue,completed,Merchant 28,Vendor 3,SET-00555,16807.23,302.53,0,INV-00555,Customer 6,2026-10-16,paid,Sales,Sales,INR
TXN-00556,2026-04-17,10134.86,expense,completed,Merchant 16,Vendor 1,SET-00556,9526.77,182.43,0,INV-00556,Customer 7,2026-10-05,pending,Travel,Finance,INR
TXN-00557,2026-06-29,23408.94,expense,completed,Merchant 27,Vendor 14,SET-00557,23408.94,421.36,0,INV-00557,Customer 27,2026-09-28,pending,Operations,Finance,INR
TXN-00558,2026-05-06,11276.02,revenue,completed,Merchant 5,Vendor 17,SET-00558,11276.02,202.97,0,INV-00558,Customer 49,2026-10-20,paid,Software,Sales,INR
TXN-00559,2026-04-13,18640.98,revenue,completed,Merchant 18,Vendor 2,SET-00559,18640.98,335.54,0,INV-00559,Customer 44,2026-09-16,paid,Travel,Sales,INR
TXN-00560,2026-07-17,19346.1,expense,completed,Merchant 15,Vendor 4,SET-00560,19346.1,348.23,0,INV-00560,Customer 6,2026-09-12,pending,Procurement,Finance,INR
TXN-00561,2026-01-04,14490.12,revenue,completed,Merchant 4,Vendor 16,SET-00561,14490.12,260.82,0,INV-00561,Customer 6,2026-10-22,paid,Procurement,Sales,INR
TXN-00562,2026-01-15,14328.14,revenue,completed,Merchant 27,Vendor 7,SET-00562,14328.14,257.91,0,INV-00562,Customer 46,2026-09-19,paid,Sales,Sales,INR
TXN-00563,2026-07-11,13984.24,revenue,completed,Merchant 14,Vendor 19,SET-00563,13984.24,251.72,0,INV-00563,Customer 9,2026-09-24,paid,Procurement,Sales,INR
TXN-00564,2026-02-07,21862.35,revenue,completed,Merchant 11,Vendor 11,SET-00564,21862.35,393.52,0,INV-00564,Customer 13,2026-10-01,paid,Software,Sales,INR
TXN-00565,2026-03-12,24722.68,revenue,completed,Merchant 17,Vendor 9,SET-00565,24722.68,445.01,0,INV-00565,Customer 6,2026-09-18,paid,Sales,Sales,INR
TXN-00566,2026-03-18,16766.89,expense,completed,Merchant 18,Vendor 13,SET-00566,16766.89,301.8,0,INV-00566,Customer 33,2026-10-24,pending,Sales,Finance,INR
TXN-00567,2026-03-05,8017.75,revenue,completed,Merchant 28,Vendor 13,SET-00567,8017.75,144.32,0,INV-00567,Customer 28,2026-10-22,paid,Travel,Sales,INR
TXN-00568,2026-02-03,7971.7,expense,completed,Merchant 2,Vendor 7,SET-00568,7971.7,143.49,0,INV-00568,Customer 35,2026-10-09,pending,Marketing,Finance,INR
TXN-00569,2026-07-01,16579.88,expense,completed,Merchant 19,Vendor 5,SET-00569,16579.88,298.44,0,INV-00569,Customer 24,2026-10-27,pending,Procurement,Finance,INR
TXN-00570,2026-08-24,5406.52,expense,completed,Merchant 23,Vendor 18,SET-00570,5406.52,97.32,0,INV-00570,Customer 43,2026-09-01,pending,Payroll,Finance,INR
TXN-00571,2026-01-18,708.49,expense,completed,Merchant 14,Vendor 19,SET-00571,708.49,12.75,0,INV-00571,Customer 21,2026-08-31,pending,Marketing,Finance,INR
TXN-00572,2026-03-16,20004.17,revenue,completed,Merchant 7,Vendor 7,SET-00572,20004.17,360.08,0,INV-00572,Customer 38,2026-10-07,paid,Sales,Sales,INR
TXN-00573,2026-04-24,23404.05,expense,completed,Merchant 7,Vendor 7,SET-00573,23404.05,421.27,0,INV-00573,Customer 4,2026-09-09,pending,Sales,Finance,INR
TXN-00574,2026-08-09,1699.6,revenue,completed,Merchant 29,Vendor 3,SET-00574,1699.6,30.59,0,INV-00574,Customer 39,2026-09-29,paid,Operations,Sales,INR
TXN-00575,2026-05-24,23098.76,revenue,completed,Merchant 24,Vendor 6,SET-00575,23098.76,415.78,0,INV-00575,Customer 32,2026-09-12,paid,Payroll,Sales,INR
TXN-00576,2026-05-17,20147.25,expense,completed,Merchant 27,Vendor 6,SET-00576,20147.25,362.65,0,INV-00576,Customer 10,2026-10-17,pending,Payroll,Finance,INR
TXN-00577,2026-04-30,13147.68,revenue,completed,Merchant 4,Vendor 7,SET-00577,13147.68,236.66,0,INV-00577,Customer 6,2026-09-01,paid,Sales,Sales,INR
TXN-00578,2026-03-07,16642.57,revenue,completed,Merchant 23,Vendor 15,SET-00578,16642.57,299.57,0,INV-00578,Customer 44,2026-09-25,paid,Operations,Sales,INR
TXN-00579,2026-02-04,23134.46,revenue,completed,Merchant 2,Vendor 6,SET-00579,23134.46,416.42,0,INV-00579,Customer 29,2026-09-16,paid,Procurement,Sales,INR
TXN-00580,2026-07-24,21930.63,revenue,completed,Merchant 11,Vendor 18,SET-00580,21930.63,394.75,0,INV-00580,Customer 47,2026-09-07,paid,Marketing,Sales,INR
TXN-00581,2026-08-04,8447.61,expense,completed,Merchant 7,Vendor 5,SET-00581,8447.61,152.06,0,INV-00581,Customer 43,2026-09-12,pending,Sales,Finance,INR
TXN-00582,2026-02-09,8526.58,revenue,completed,Merchant 21,Vendor 10,SET-00582,8526.58,153.48,426.33,INV-00582,Customer 15,2026-10-09,paid,Travel,Sales,INR
TXN-00583,2026-02-08,5354.82,revenue,completed,Merchant 24,Vendor 6,SET-00583,5354.82,96.39,0,INV-00583,Customer 28,2026-09-19,paid,Payroll,Sales,INR
TXN-00584,2026-08-01,3302.13,expense,completed,Merchant 12,Vendor 4,SET-00584,3302.13,59.44,0,INV-00584,Customer 43,2026-10-27,pending,Operations,Finance,INR
TXN-00585,2026-03-31,7623.59,revenue,completed,Merchant 1,Vendor 16,SET-00585,7623.59,137.22,0,INV-00585,Customer 6,2026-09-10,paid,Sales,Sales,INR
TXN-00586,2026-06-03,21667.81,expense,completed,Merchant 19,Vendor 18,SET-00586,21667.81,390.02,0,INV-00586,Customer 49,2026-09-03,pending,Operations,Finance,INR
TXN-00587,2026-07-16,12026.16,revenue,completed,Merchant 29,Vendor 8,SET-00587,12026.16,216.47,0,INV-00587,Customer 38,2026-10-27,paid,Marketing,Sales,INR
TXN-00588,2026-01-26,14712.71,revenue,completed,Merchant 1,Vendor 12,SET-00588,14712.71,264.83,0,INV-00588,Customer 13,2026-09-07,paid,Payroll,Sales,INR
TXN-00589,2026-03-27,1726.36,expense,completed,Merchant 12,Vendor 15,SET-00589,1726.36,31.07,0,INV-00589,Customer 31,2026-09-13,pending,Marketing,Finance,INR
TXN-00590,2026-07-21,4882.0,expense,completed,Merchant 27,Vendor 10,SET-00590,4882.0,87.88,0,INV-00590,Customer 5,2026-10-14,pending,Travel,Finance,INR
TXN-00591,2026-05-22,2843.88,expense,completed,Merchant 4,Vendor 6,SET-00591,2843.88,51.19,0,INV-00591,Customer 39,2026-09-23,pending,Sales,Finance,INR
TXN-00592,2026-05-12,1326.31,revenue,completed,Merchant 19,Vendor 4,SET-00592,1326.31,23.87,0,INV-00592,Customer 27,2026-10-09,paid,Payroll,Sales,INR
TXN-00593,2026-08-03,10675.49,revenue,completed,Merchant 12,Vendor 3,SET-00593,10034.96,192.16,0,INV-00593,Customer 24,2026-10-14,paid,Payroll,Sales,INR
TXN-00594,2026-06-19,9306.21,revenue,completed,Merchant 3,Vendor 11,SET-00594,9306.21,167.51,0,INV-00594,Customer 1,2026-10-21,paid,Payroll,Sales,INR
TXN-00595,2026-03-08,7932.9,expense,completed,Merchant 4,Vendor 4,SET-00595,7932.9,142.79,0,INV-00595,Customer 16,2026-09-05,pending,Operations,Finance,INR
TXN-00596,2026-05-19,7126.49,expense,completed,Merchant 4,Vendor 11,SET-00596,7126.49,128.28,0,INV-00596,Customer 30,2026-09-13,pending,Operations,Finance,INR
TXN-00597,2026-04-04,12916.19,revenue,completed,Merchant 7,Vendor 10,SET-00597,12916.19,232.49,0,INV-00597,Customer 26,2026-10-03,paid,Operations,Sales,INR
TXN-00598,2026-07-06,22755.85,revenue,completed,Merchant 28,Vendor 18,SET-00598,22755.85,409.61,0,INV-00598,Customer 33,2026-09-13,paid,Software,Sales,INR
TXN-00599,2026-01-14,3090.99,revenue,completed,Merchant 16,Vendor 19,SET-00599,3090.99,55.64,0,INV-00599,Customer 14,2026-10-12,paid,Payroll,Sales,INR
TXN-00600,2026-02-13,2632.49,revenue,completed,Merchant 5,Vendor 9,SET-00600,2632.49,47.38,0,INV-00600,Customer 2,2026-09-25,paid,Sales,Sales,INR
TXN-00601,2026-08-16,7652.97,revenue,completed,Merchant 4,Vendor 3,SET-00601,7652.97,137.75,0,INV-00601,Customer 43,2026-10-05,paid,Operations,Sales,INR
TXN-00602,2026-07-18,6467.21,revenue,completed,Merchant 26,Vendor 17,SET-00602,6467.21,116.41,0,INV-00602,Customer 46,2026-10-20,paid,Software,Sales,INR
TXN-00603,2026-03-28,2289.8,revenue,completed,Merchant 4,Vendor 2,SET-00603,2289.8,41.22,0,INV-00603,Customer 14,2026-10-07,paid,Procurement,Sales,INR
TXN-00604,2026-03-29,20458.82,revenue,completed,Merchant 3,Vendor 15,SET-00604,20458.82,368.26,0,INV-00604,Customer 38,2026-10-26,paid,Operations,Sales,INR
TXN-00605,2026-08-27,8278.22,revenue,completed,Merchant 14,Vendor 14,SET-00605,8278.22,149.01,0,INV-00605,Customer 3,2026-09-03,paid,Procurement,Sales,INR
TXN-00606,2026-05-11,4127.59,revenue,completed,Merchant 22,Vendor 6,SET-00606,4127.59,74.3,0,INV-00606,Customer 10,2026-10-19,paid,Marketing,Sales,INR
TXN-00607,2026-08-25,5491.59,revenue,completed,Merchant 8,Vendor 11,SET-00607,5491.59,98.85,0,INV-00607,Customer 46,2026-09-02,paid,Software,Sales,INR
TXN-00608,2026-05-15,1424.36,expense,completed,Merchant 25,Vendor 11,SET-00608,1424.36,25.64,0,INV-00608,Customer 5,2026-10-16,pending,Travel,Finance,INR
TXN-00609,2026-06-10,5376.45,revenue,completed,Merchant 2,Vendor 12,SET-00609,5376.45,96.78,0,INV-00609,Customer 27,2026-09-03,paid,Payroll,Sales,INR
TXN-00610,2026-07-25,14778.05,expense,completed,Merchant 16,Vendor 16,SET-00610,14778.05,266.0,0,INV-00610,Customer 9,2026-09-14,pending,Procurement,Finance,INR
TXN-00611,2026-07-10,22667.22,expense,completed,Merchant 15,Vendor 19,SET-00611,22667.22,408.01,0,INV-00611,Customer 11,2026-09-25,pending,Sales,Finance,INR
TXN-00612,2026-06-01,18826.6,expense,completed,Merchant 18,Vendor 4,SET-00612,18826.6,338.88,0,INV-00612,Customer 5,2026-10-18,pending,Procurement,Finance,INR
TXN-00613,2026-08-05,18892.52,expense,completed,Merchant 8,Vendor 8,SET-00613,18892.52,340.07,0,INV-00613,Customer 13,2026-10-05,pending,Sales,Finance,INR
TXN-00614,2026-05-28,22000.21,revenue,completed,Merchant 22,Vendor 2,SET-00614,22000.21,396.0,0,INV-00614,Customer 26,2026-10-10,paid,Procurement,Sales,INR
TXN-00615,2026-06-24,19944.34,expense,completed,Merchant 25,Vendor 11,SET-00615,19944.34,359.0,0,INV-00615,Customer 25,2026-09-23,pending,Software,Finance,INR
TXN-00616,2026-08-03,16485.67,revenue,completed,Merchant 26,Vendor 11,SET-00616,16485.67,296.74,0,INV-00616,Customer 43,2026-10-06,paid,Procurement,Sales,INR
TXN-00617,2026-01-02,19927.26,expense,completed,Merchant 10,Vendor 16,SET-00617,19927.26,358.69,0,INV-00617,Customer 39,2026-08-30,pending,Software,Finance,INR
TXN-00618,2026-06-04,10757.1,expense,completed,Merchant 10,Vendor 15,SET-00618,10757.1,193.63,0,INV-00618,Customer 10,2026-09-19,pending,Travel,Finance,INR
TXN-00619,2026-04-11,2535.93,revenue,completed,Merchant 28,Vendor 15,SET-00619,2535.93,45.65,0,INV-00619,Customer 40,2026-08-31,paid,Marketing,Sales,INR
TXN-00620,2026-03-11,2655.42,expense,completed,Merchant 6,Vendor 15,SET-00620,2655.42,47.8,0,INV-00620,Customer 27,2026-10-10,pending,Travel,Finance,INR
TXN-00621,2026-06-24,3457.41,revenue,completed,Merchant 21,Vendor 2,SET-00621,3457.41,62.23,0,INV-00621,Customer 25,2026-10-20,paid,Operations,Sales,INR
TXN-00622,2026-02-08,7151.27,expense,completed,Merchant 12,Vendor 6,SET-00622,7151.27,128.72,0,INV-00622,Customer 15,2026-09-20,pending,Procurement,Finance,INR
TXN-00623,2026-03-23,8059.92,expense,completed,Merchant 29,Vendor 17,SET-00623,8059.92,145.08,0,INV-00623,Customer 39,2026-09-10,pending,Procurement,Finance,INR
TXN-00624,2026-01-03,10077.93,revenue,completed,Merchant 1,Vendor 6,SET-00624,10077.93,181.4,0,INV-00624,Customer 7,2026-09-13,paid,Sales,Sales,INR
TXN-00625,2026-06-23,18546.35,expense,completed,Merchant 4,Vendor 18,SET-00625,18546.35,333.83,0,INV-00625,Customer 48,2026-10-23,pending,Procurement,Finance,INR
TXN-00626,2026-07-12,3808.3,expense,completed,Merchant 29,Vendor 9,SET-00626,3808.3,68.55,0,INV-00626,Customer 43,2026-09-24,pending,Software,Finance,INR
TXN-00627,2026-03-17,11380.38,expense,completed,Merchant 12,Vendor 10,SET-00627,11380.38,204.85,0,INV-00627,Customer 43,2026-10-13,pending,Payroll,Finance,INR
TXN-00628,2026-07-27,23476.5,expense,completed,Merchant 22,Vendor 2,SET-00628,23476.5,422.58,0,INV-00628,Customer 42,2026-09-29,pending,Sales,Finance,INR
TXN-00629,2026-01-05,17443.77,expense,completed,Merchant 2,Vendor 4,SET-00629,17443.77,313.99,0,INV-00629,Customer 36,2026-09-22,pending,Sales,Finance,INR
TXN-00630,2026-08-17,18901.31,expense,completed,Merchant 5,Vendor 20,SET-00630,17767.23,340.22,0,INV-00630,Customer 48,2026-09-27,pending,Software,Finance,INR
TXN-00631,2026-01-02,12320.55,expense,completed,Merchant 29,Vendor 9,SET-00631,12320.55,221.77,0,INV-00631,Customer 10,2026-09-10,pending,Travel,Finance,INR
TXN-00632,2026-02-14,24943.79,revenue,completed,Merchant 24,Vendor 19,SET-00632,24943.79,448.99,0,INV-00632,Customer 42,2026-09-15,paid,Payroll,Sales,INR
TXN-00633,2026-05-20,7633.7,revenue,completed,Merchant 1,Vendor 14,SET-00633,7633.7,137.41,0,INV-00633,Customer 36,2026-09-24,paid,Payroll,Sales,INR
TXN-00634,2026-06-23,20220.14,revenue,completed,Merchant 21,Vendor 13,SET-00634,20220.14,363.96,0,INV-00634,Customer 32,2026-10-13,paid,Marketing,Sales,INR
TXN-00635,2026-08-02,8442.95,expense,completed,Merchant 19,Vendor 16,SET-00635,8442.95,151.97,0,INV-00635,Customer 4,2026-10-18,pending,Travel,Finance,INR
TXN-00636,2026-02-21,22396.18,expense,completed,Merchant 17,Vendor 2,SET-00636,22396.18,403.13,0,INV-00636,Customer 11,2026-09-17,pending,Payroll,Finance,INR
TXN-00637,2026-08-21,17194.49,revenue,completed,Merchant 2,Vendor 19,SET-00637,17194.49,309.5,0,INV-00637,Customer 20,2026-09-22,paid,Procurement,Sales,INR
TXN-00638,2026-02-17,24072.08,expense,completed,Merchant 9,Vendor 10,SET-00638,24072.08,433.3,0,INV-00638,Customer 31,2026-09-10,pending,Travel,Finance,INR
TXN-00639,2026-04-14,23237.16,expense,completed,Merchant 4,Vendor 9,SET-00639,23237.16,418.27,0,INV-00639,Customer 24,2026-09-23,pending,Marketing,Finance,INR
TXN-00640,2026-05-01,19935.14,expense,completed,Merchant 9,Vendor 4,SET-00640,19935.14,358.83,0,INV-00640,Customer 14,2026-10-27,pending,Travel,Finance,INR
TXN-00641,2026-04-15,12780.76,expense,completed,Merchant 21,Vendor 6,SET-00641,12780.76,230.05,0,INV-00641,Customer 21,2026-08-31,pending,Operations,Finance,INR
TXN-00642,2026-05-01,19048.39,expense,completed,Merchant 22,Vendor 18,SET-00642,19048.39,342.87,0,INV-00642,Customer 43,2026-09-24,pending,Procurement,Finance,INR
TXN-00643,2026-04-03,7247.04,revenue,completed,Merchant 23,Vendor 13,SET-00643,7247.04,130.45,0,INV-00643,Customer 34,2026-10-19,paid,Marketing,Sales,INR
TXN-00644,2026-07-17,6863.3,revenue,completed,Merchant 1,Vendor 2,SET-00644,6863.3,123.54,0,INV-00644,Customer 35,2026-10-20,paid,Payroll,Sales,INR
TXN-00645,2026-04-03,9164.53,expense,completed,Merchant 9,Vendor 8,SET-00645,9164.53,164.96,0,INV-00645,Customer 5,2026-10-24,pending,Travel,Finance,INR
TXN-00646,2026-06-23,18966.52,revenue,completed,Merchant 27,Vendor 14,SET-00646,18966.52,341.4,0,INV-00646,Customer 46,2026-09-05,paid,Marketing,Sales,INR
TXN-00647,2026-07-05,16296.92,revenue,completed,Merchant 21,Vendor 4,SET-00647,16296.92,293.34,0,INV-00647,Customer 26,2026-09-23,paid,Procurement,Sales,INR
TXN-00648,2026-05-08,10299.45,expense,completed,Merchant 26,Vendor 11,SET-00648,10299.45,185.39,0,INV-00648,Customer 23,2026-10-23,pending,Operations,Finance,INR
TXN-00649,2026-05-14,13528.9,revenue,completed,Merchant 14,Vendor 10,SET-00649,13528.9,243.52,0,INV-00649,Customer 9,2026-09-11,paid,Marketing,Sales,INR
TXN-00650,2026-01-18,23151.44,revenue,completed,Merchant 17,Vendor 1,SET-00650,23151.44,416.73,0,INV-00650,Customer 37,2026-10-10,paid,Operations,Sales,INR
TXN-00651,2026-05-27,10390.18,expense,completed,Merchant 24,Vendor 9,SET-00651,10390.18,187.02,0,INV-00651,Customer 44,2026-10-18,pending,Procurement,Finance,INR
TXN-00652,2026-06-21,4203.32,revenue,completed,Merchant 28,Vendor 8,SET-00652,4203.32,75.66,0,INV-00652,Customer 33,2026-09-05,paid,Marketing,Sales,INR
TXN-00653,2026-07-30,18703.72,revenue,completed,Merchant 21,Vendor 13,SET-00653,18703.72,336.67,0,INV-00653,Customer 19,2026-09-06,paid,Payroll,Sales,INR
TXN-00654,2026-03-12,15502.64,expense,completed,Merchant 23,Vendor 3,SET-00654,15502.64,279.05,0,INV-00654,Customer 39,2026-10-06,pending,Procurement,Finance,INR
TXN-00655,2026-08-20,15388.15,expense,completed,Merchant 8,Vendor 10,SET-00655,15388.15,276.99,0,INV-00655,Customer 7,2026-09-21,pending,Payroll,Finance,INR
TXN-00656,2026-06-29,9313.04,revenue,completed,Merchant 17,Vendor 3,SET-00656,9313.04,167.63,0,INV-00656,Customer 8,2026-10-21,paid,Marketing,Sales,INR
TXN-00657,2026-06-11,584.02,revenue,completed,Merchant 25,Vendor 5,SET-00657,584.02,10.51,0,INV-00657,Customer 29,2026-09-15,paid,Travel,Sales,INR
TXN-00658,2026-06-01,24443.16,revenue,completed,Merchant 18,Vendor 20,SET-00658,24443.16,439.98,0,INV-00658,Customer 3,2026-08-31,paid,Travel,Sales,INR
TXN-00659,2026-02-27,3208.37,expense,completed,Merchant 10,Vendor 11,SET-00659,3208.37,57.75,0,INV-00659,Customer 22,2026-10-01,pending,Travel,Finance,INR
TXN-00660,2026-07-23,5837.58,revenue,completed,Merchant 27,Vendor 7,SET-00660,5837.58,105.08,0,INV-00660,Customer 19,2026-10-21,paid,Procurement,Sales,INR
TXN-00661,2026-02-14,5963.18,revenue,completed,Merchant 1,Vendor 17,SET-00661,5963.18,107.34,0,INV-00661,Customer 18,2026-09-25,paid,Marketing,Sales,INR
TXN-00662,2026-03-12,23885.74,revenue,completed,Merchant 24,Vendor 3,SET-00662,23885.74,429.94,0,INV-00662,Customer 38,2026-09-05,paid,Sales,Sales,INR
TXN-00663,2026-05-31,13046.12,expense,completed,Merchant 14,Vendor 8,SET-00663,13046.12,234.83,0,INV-00663,Customer 43,2026-10-23,pending,Software,Finance,INR
TXN-00664,2026-03-26,24052.84,expense,completed,Merchant 22,Vendor 9,SET-00664,24052.84,432.95,0,INV-00664,Customer 5,2026-10-09,pending,Sales,Finance,INR
TXN-00665,2026-06-24,11067.55,revenue,completed,Merchant 29,Vendor 20,SET-00665,11067.55,199.22,553.38,INV-00665,Customer 30,2026-09-10,paid,Marketing,Sales,INR
TXN-00666,2026-02-12,3241.11,revenue,completed,Merchant 10,Vendor 7,SET-00666,3241.11,58.34,0,INV-00666,Customer 5,2026-10-15,paid,Travel,Sales,INR
TXN-00667,2026-02-20,11246.04,revenue,completed,Merchant 26,Vendor 7,SET-00667,10571.28,202.43,0,INV-00667,Customer 17,2026-09-10,paid,Travel,Sales,INR
TXN-00668,2026-01-06,18817.47,expense,completed,Merchant 24,Vendor 20,SET-00668,18817.47,338.71,0,INV-00668,Customer 47,2026-08-30,pending,Software,Finance,INR
TXN-00669,2026-01-04,5538.21,expense,completed,Merchant 27,Vendor 18,SET-00669,5538.21,99.69,0,INV-00669,Customer 17,2026-10-03,pending,Marketing,Finance,INR
TXN-00670,2026-03-22,14351.73,revenue,completed,Merchant 12,Vendor 10,SET-00670,14351.73,258.33,0,INV-00670,Customer 7,2026-08-31,paid,Payroll,Sales,INR
TXN-00671,2026-04-18,17437.36,revenue,completed,Merchant 29,Vendor 1,SET-00671,17437.36,313.87,0,INV-00671,Customer 46,2026-09-27,paid,Procurement,Sales,INR
TXN-00672,2026-08-08,8901.97,revenue,completed,Merchant 5,Vendor 12,SET-00672,8901.97,160.24,0,INV-00672,Customer 31,2026-09-29,paid,Software,Sales,INR
TXN-00673,2026-05-02,19971.37,expense,completed,Merchant 29,Vendor 5,SET-00673,19971.37,359.48,0,INV-00673,Customer 7,2026-10-01,pending,Travel,Finance,INR
TXN-00674,2026-02-23,12944.45,expense,completed,Merchant 12,Vendor 9,SET-00674,12944.45,233.0,0,INV-00674,Customer 43,2026-08-30,pending,Operations,Finance,INR
TXN-00675,2026-05-13,23660.16,expense,completed,Merchant 14,Vendor 13,SET-00675,23660.16,425.88,0,INV-00675,Customer 11,2026-10-19,pending,Procurement,Finance,INR
TXN-00676,2026-01-04,3778.83,expense,completed,Merchant 4,Vendor 7,SET-00676,3778.83,68.02,0,INV-00676,Customer 47,2026-10-05,pending,Travel,Finance,INR
TXN-00677,2026-07-28,1176.28,expense,completed,Merchant 27,Vendor 3,SET-00677,1176.28,21.17,0,INV-00677,Customer 30,2026-10-17,pending,Software,Finance,INR
TXN-00678,2026-05-17,22281.01,revenue,completed,Merchant 3,Vendor 11,SET-00678,22281.01,401.06,0,INV-00678,Customer 22,2026-10-07,paid,Travel,Sales,INR
TXN-00679,2026-06-13,12370.94,expense,completed,Merchant 29,Vendor 7,SET-00679,12370.94,222.68,0,INV-00679,Customer 1,2026-09-13,pending,Operations,Finance,INR
TXN-00680,2026-01-27,9873.97,expense,completed,Merchant 4,Vendor 19,SET-00680,9873.97,177.73,0,INV-00680,Customer 9,2026-09-10,pending,Sales,Finance,INR
TXN-00681,2026-08-24,14515.4,expense,completed,Merchant 21,Vendor 15,SET-00681,14515.4,261.28,0,INV-00681,Customer 49,2026-09-02,pending,Travel,Finance,INR
TXN-00682,2026-02-13,21611.63,revenue,completed,Merchant 13,Vendor 8,SET-00682,21611.63,389.01,0,INV-00682,Customer 46,2026-10-09,paid,Sales,Sales,INR
TXN-00683,2026-01-31,15344.42,expense,completed,Merchant 16,Vendor 20,SET-00683,15344.42,276.2,0,INV-00683,Customer 25,2026-09-02,pending,Payroll,Finance,INR
TXN-00684,2026-08-16,20099.48,revenue,completed,Merchant 8,Vendor 1,SET-00684,20099.48,361.79,0,INV-00684,Customer 26,2026-10-04,paid,Procurement,Sales,INR
TXN-00685,2026-07-09,16030.5,revenue,completed,Merchant 21,Vendor 2,SET-00685,16030.5,288.55,0,INV-00685,Customer 16,2026-09-04,paid,Operations,Sales,INR
TXN-00686,2026-01-13,1432.61,revenue,completed,Merchant 13,Vendor 8,SET-00686,1432.61,25.79,0,INV-00686,Customer 15,2026-10-17,paid,Payroll,Sales,INR
TXN-00687,2026-06-13,23293.69,revenue,completed,Merchant 19,Vendor 14,SET-00687,23293.69,419.29,0,INV-00687,Customer 17,2026-08-31,paid,Operations,Sales,INR
TXN-00688,2026-07-13,946.44,expense,completed,Merchant 4,Vendor 4,SET-00688,946.44,17.04,0,INV-00688,Customer 12,2026-09-07,pending,Procurement,Finance,INR
TXN-00689,2026-03-24,15589.57,revenue,completed,Merchant 4,Vendor 17,SET-00689,15589.57,280.61,0,INV-00689,Customer 25,2026-10-26,paid,Software,Sales,INR
TXN-00690,2026-05-23,21359.65,revenue,completed,Merchant 21,Vendor 3,SET-00690,21359.65,384.47,0,INV-00690,Customer 33,2026-10-03,paid,Travel,Sales,INR
TXN-00691,2026-06-19,17795.3,revenue,completed,Merchant 18,Vendor 20,SET-00691,17795.3,320.32,0,INV-00691,Customer 19,2026-09-27,paid,Sales,Sales,INR
TXN-00692,2026-02-23,14217.52,revenue,completed,Merchant 1,Vendor 6,SET-00692,14217.52,255.92,0,INV-00692,Customer 33,2026-10-19,paid,Procurement,Sales,INR
TXN-00693,2026-07-01,5614.58,expense,completed,Merchant 21,Vendor 7,SET-00693,5614.58,101.06,0,INV-00693,Customer 43,2026-09-25,pending,Software,Finance,INR
TXN-00694,2026-04-01,13879.84,revenue,completed,Merchant 22,Vendor 4,SET-00694,13879.84,249.84,0,INV-00694,Customer 6,2026-10-14,paid,Operations,Sales,INR
TXN-00695,2026-03-12,2699.69,revenue,completed,Merchant 10,Vendor 10,SET-00695,2699.69,48.59,0,INV-00695,Customer 49,2026-09-16,paid,Operations,Sales,INR
TXN-00696,2026-03-27,15357.47,expense,completed,Merchant 25,Vendor 7,SET-00696,15357.47,276.43,0,INV-00696,Customer 1,2026-09-03,pending,Software,Finance,INR
TXN-00697,2026-06-27,3284.9,revenue,completed,Merchant 25,Vendor 20,SET-00697,3284.9,59.13,0,INV-00697,Customer 14,2026-10-01,paid,Sales,Sales,INR
TXN-00698,2026-08-25,24601.39,expense,completed,Merchant 20,Vendor 19,SET-00698,24601.39,442.83,0,INV-00698,Customer 42,2026-09-11,pending,Procurement,Finance,INR
TXN-00699,2026-08-03,22865.33,revenue,completed,Merchant 2,Vendor 1,SET-00699,22865.33,411.58,0,INV-00699,Customer 43,2026-10-11,paid,Operations,Sales,INR
TXN-00700,2026-01-15,20127.62,expense,completed,Merchant 6,Vendor 20,SET-00700,20127.62,362.3,0,INV-00700,Customer 19,2026-09-26,pending,Marketing,Finance,INR
TXN-00701,2026-03-18,6689.84,revenue,completed,Merchant 28,Vendor 12,SET-00701,6689.84,120.42,0,INV-00701,Customer 2,2026-09-18,paid,Sales,Sales,INR
TXN-00702,2026-02-11,4472.31,revenue,completed,Merchant 21,Vendor 16,SET-00702,4472.31,80.5,0,INV-00702,Customer 49,2026-10-07,paid,Procurement,Sales,INR
TXN-00703,2026-03-05,7217.8,expense,completed,Merchant 1,Vendor 14,SET-00703,7217.8,129.92,0,INV-00703,Customer 35,2026-08-30,pending,Marketing,Finance,INR
TXN-00704,2026-04-02,13827.32,revenue,completed,Merchant 27,Vendor 11,SET-00704,12997.68,248.89,0,INV-00704,Customer 1,2026-10-17,paid,Procurement,Sales,INR
TXN-00705,2026-07-23,22300.54,revenue,completed,Merchant 3,Vendor 18,SET-00705,22300.54,401.41,0,INV-00705,Customer 11,2026-09-04,paid,Software,Sales,INR
TXN-00706,2026-03-28,10912.52,expense,completed,Merchant 12,Vendor 3,SET-00706,10912.52,196.43,0,INV-00706,Customer 35,2026-09-05,pending,Sales,Finance,INR
TXN-00707,2026-01-14,5681.95,revenue,completed,Merchant 21,Vendor 18,SET-00707,5681.95,102.28,0,INV-00707,Customer 16,2026-10-26,paid,Sales,Sales,INR
TXN-00708,2026-02-25,16370.95,revenue,completed,Merchant 10,Vendor 1,SET-00708,16370.95,294.68,0,INV-00708,Customer 46,2026-09-14,paid,Sales,Sales,INR
TXN-00709,2026-02-15,24747.71,revenue,completed,Merchant 20,Vendor 15,SET-00709,24747.71,445.46,0,INV-00709,Customer 40,2026-10-11,paid,Operations,Sales,INR
TXN-00710,2026-03-05,18951.75,expense,completed,Merchant 11,Vendor 9,SET-00710,18951.75,341.13,0,INV-00710,Customer 2,2026-09-03,pending,Payroll,Finance,INR
TXN-00711,2026-06-08,16207.87,revenue,completed,Merchant 21,Vendor 19,SET-00711,16207.87,291.74,0,INV-00711,Customer 10,2026-10-09,paid,Software,Sales,INR
TXN-00712,2026-03-19,17525.45,revenue,completed,Merchant 3,Vendor 3,SET-00712,17525.45,315.46,0,INV-00712,Customer 47,2026-09-02,paid,Travel,Sales,INR
TXN-00713,2026-01-20,2299.5,revenue,completed,Merchant 5,Vendor 18,SET-00713,2299.5,41.39,0,INV-00713,Customer 8,2026-10-14,paid,Sales,Sales,INR
TXN-00714,2026-04-26,23057.4,expense,completed,Merchant 6,Vendor 4,SET-00714,23057.4,415.03,0,INV-00714,Customer 17,2026-09-17,pending,Sales,Finance,INR
TXN-00715,2026-02-14,17570.9,expense,completed,Merchant 15,Vendor 4,SET-00715,17570.9,316.28,0,INV-00715,Customer 30,2026-09-19,pending,Marketing,Finance,INR
TXN-00716,2026-08-01,1252.08,revenue,completed,Merchant 26,Vendor 8,SET-00716,1252.08,22.54,0,INV-00716,Customer 7,2026-10-22,paid,Operations,Sales,INR
TXN-00717,2026-03-13,16932.64,expense,completed,Merchant 20,Vendor 1,SET-00717,16932.64,304.79,0,INV-00717,Customer 13,2026-09-02,pending,Software,Finance,INR
TXN-00718,2026-06-19,19669.78,revenue,completed,Merchant 19,Vendor 10,SET-00718,19669.78,354.06,0,INV-00718,Customer 43,2026-09-14,paid,Operations,Sales,INR
TXN-00719,2026-01-25,4019.66,revenue,completed,Merchant 27,Vendor 2,SET-00719,4019.66,72.35,0,INV-00719,Customer 25,2026-09-14,paid,Payroll,Sales,INR
TXN-00720,2026-02-27,14455.64,revenue,completed,Merchant 2,Vendor 3,SET-00720,14455.64,260.2,0,INV-00720,Customer 19,2026-08-29,paid,Marketing,Sales,INR
TXN-00721,2026-04-01,23433.33,revenue,completed,Merchant 12,Vendor 18,SET-00721,23433.33,421.8,0,INV-00721,Customer 47,2026-09-09,paid,Operations,Sales,INR
TXN-00722,2026-03-06,19805.49,expense,completed,Merchant 12,Vendor 12,SET-00722,19805.49,356.5,0,INV-00722,Customer 11,2026-10-01,pending,Payroll,Finance,INR
TXN-00723,2026-08-21,21874.04,revenue,completed,Merchant 26,Vendor 6,SET-00723,21874.04,393.73,0,INV-00723,Customer 19,2026-10-16,paid,Sales,Sales,INR
TXN-00724,2026-02-19,5987.55,revenue,completed,Merchant 29,Vendor 8,SET-00724,5987.55,107.78,0,INV-00724,Customer 49,2026-09-22,paid,Procurement,Sales,INR
TXN-00725,2026-08-17,6401.44,expense,completed,Merchant 16,Vendor 9,SET-00725,6401.44,115.23,0,INV-00725,Customer 1,2026-09-01,pending,Software,Finance,INR
TXN-00726,2026-03-02,20992.41,expense,completed,Merchant 10,Vendor 1,SET-00726,20992.41,377.86,0,INV-00726,Customer 31,2026-09-26,pending,Sales,Finance,INR
TXN-00727,2026-05-23,3192.07,revenue,completed,Merchant 23,Vendor 16,SET-00727,3192.07,57.46,0,INV-00727,Customer 6,2026-09-23,paid,Software,Sales,INR
TXN-00728,2026-02-14,12248.25,expense,completed,Merchant 8,Vendor 14,SET-00728,12248.25,220.47,0,INV-00728,Customer 29,2026-09-01,pending,Software,Finance,INR
TXN-00729,2026-04-03,2163.68,revenue,completed,Merchant 15,Vendor 16,SET-00729,2163.68,38.95,0,INV-00729,Customer 16,2026-10-27,paid,Marketing,Sales,INR
TXN-00730,2026-02-26,2252.16,revenue,completed,Merchant 16,Vendor 7,SET-00730,2252.16,40.54,0,INV-00730,Customer 37,2026-10-07,paid,Procurement,Sales,INR
TXN-00731,2026-04-21,3196.16,expense,completed,Merchant 17,Vendor 2,SET-00731,3196.16,57.53,0,INV-00731,Customer 16,2026-10-01,pending,Operations,Finance,INR
TXN-00732,2026-01-22,5703.42,expense,completed,Merchant 16,Vendor 9,SET-00732,5703.42,102.66,0,INV-00732,Customer 30,2026-10-27,pending,Sales,Finance,INR
TXN-00733,2026-04-26,2323.66,revenue,completed,Merchant 21,Vendor 11,SET-00733,2323.66,41.83,0,INV-00733,Customer 7,2026-09-11,paid,Marketing,Sales,INR
TXN-00734,2026-06-30,2169.57,expense,completed,Merchant 16,Vendor 16,SET-00734,2169.57,39.05,0,INV-00734,Customer 17,2026-09-09,pending,Travel,Finance,INR
TXN-00735,2026-07-27,15874.92,revenue,completed,Merchant 17,Vendor 1,SET-00735,15874.92,285.75,0,INV-00735,Customer 42,2026-09-28,paid,Payroll,Sales,INR
TXN-00736,2026-03-01,13659.62,revenue,completed,Merchant 25,Vendor 16,SET-00736,13659.62,245.87,0,INV-00736,Customer 43,2026-10-06,paid,Operations,Sales,INR
TXN-00737,2026-07-25,4053.38,expense,completed,Merchant 29,Vendor 11,SET-00737,4053.38,72.96,0,INV-00737,Customer 48,2026-08-31,pending,Procurement,Finance,INR
TXN-00738,2026-06-16,16583.2,expense,completed,Merchant 6,Vendor 8,SET-00738,16583.2,298.5,0,INV-00738,Customer 2,2026-10-06,pending,Sales,Finance,INR
TXN-00739,2026-08-06,11509.82,revenue,completed,Merchant 2,Vendor 10,SET-00739,11509.82,207.18,0,INV-00739,Customer 29,2026-09-06,paid,Procurement,Sales,INR
TXN-00740,2026-03-22,7958.87,revenue,completed,Merchant 19,Vendor 7,SET-00740,7958.87,143.26,0,INV-00740,Customer 5,2026-09-23,paid,Software,Sales,INR
TXN-00741,2026-05-04,808.96,revenue,completed,Merchant 8,Vendor 3,SET-00741,760.42,14.56,0,INV-00741,Customer 31,2026-09-21,paid,Travel,Sales,INR
TXN-00742,2026-02-24,16978.5,expense,completed,Merchant 20,Vendor 7,SET-00742,16978.5,305.61,0,INV-00742,Customer 13,2026-10-21,pending,Sales,Finance,INR
TXN-00743,2026-07-20,8092.28,revenue,completed,Merchant 15,Vendor 9,SET-00743,8092.28,145.66,0,INV-00743,Customer 15,2026-10-16,paid,Marketing,Sales,INR
TXN-00744,2026-03-29,10470.99,revenue,completed,Merchant 14,Vendor 1,SET-00744,10470.99,188.48,0,INV-00744,Customer 37,2026-09-21,paid,Procurement,Sales,INR
TXN-00745,2026-08-03,6341.61,revenue,completed,Merchant 1,Vendor 5,SET-00745,6341.61,114.15,0,INV-00745,Customer 39,2026-10-19,paid,Marketing,Sales,INR
TXN-00746,2026-05-21,12139.1,expense,completed,Merchant 23,Vendor 13,SET-00746,12139.1,218.5,0,INV-00746,Customer 9,2026-09-14,pending,Operations,Finance,INR
TXN-00747,2026-04-17,7210.33,revenue,completed,Merchant 5,Vendor 5,SET-00747,7210.33,129.79,0,INV-00747,Customer 34,2026-09-06,paid,Travel,Sales,INR
TXN-00748,2026-01-15,22219.89,expense,completed,Merchant 6,Vendor 8,SET-00748,22219.89,399.96,1110.99,INV-00748,Customer 28,2026-09-08,pending,Software,Finance,INR
TXN-00749,2026-03-06,19855.39,expense,completed,Merchant 29,Vendor 19,SET-00749,19855.39,357.4,0,INV-00749,Customer 43,2026-09-12,pending,Procurement,Finance,INR
TXN-00750,2026-03-10,23944.84,revenue,completed,Merchant 23,Vendor 14,SET-00750,23944.84,431.01,0,INV-00750,Customer 7,2026-09-01,paid,Sales,Sales,INR
TXN-00751,2026-08-20,24203.01,revenue,completed,Merchant 10,Vendor 3,SET-00751,24203.01,435.65,0,INV-00751,Customer 19,2026-10-16,paid,Operations,Sales,INR
TXN-00752,2026-05-16,10792.13,revenue,completed,Merchant 13,Vendor 10,SET-00752,10792.13,194.26,0,INV-00752,Customer 43,2026-10-09,paid,Payroll,Sales,INR
TXN-00753,2026-05-08,11433.74,revenue,completed,Merchant 22,Vendor 17,SET-00753,11433.74,205.81,0,INV-00753,Customer 38,2026-10-11,paid,Procurement,Sales,INR
TXN-00754,2026-05-23,22519.87,expense,completed,Merchant 7,Vendor 14,SET-00754,22519.87,405.36,0,INV-00754,Customer 5,2026-10-05,pending,Marketing,Finance,INR
TXN-00755,2026-06-27,4947.37,expense,completed,Merchant 9,Vendor 8,SET-00755,4947.37,89.05,0,INV-00755,Customer 27,2026-09-21,pending,Travel,Finance,INR
TXN-00756,2026-01-19,17096.28,expense,completed,Merchant 23,Vendor 2,SET-00756,17096.28,307.73,0,INV-00756,Customer 40,2026-10-11,pending,Sales,Finance,INR
TXN-00757,2026-07-24,16966.67,revenue,completed,Merchant 1,Vendor 15,SET-00757,16966.67,305.4,0,INV-00757,Customer 31,2026-09-19,paid,Payroll,Sales,INR
TXN-00758,2026-03-25,11904.87,revenue,completed,Merchant 26,Vendor 8,SET-00758,11904.87,214.29,0,INV-00758,Customer 28,2026-09-03,paid,Operations,Sales,INR
TXN-00759,2026-02-04,10325.69,expense,completed,Merchant 29,Vendor 8,SET-00759,10325.69,185.86,0,INV-00759,Customer 24,2026-10-15,pending,Payroll,Finance,INR
TXN-00760,2026-05-07,9812.16,expense,completed,Merchant 25,Vendor 12,SET-00760,9812.16,176.62,0,INV-00760,Customer 9,2026-09-12,pending,Payroll,Finance,INR
TXN-00761,2026-01-29,22033.42,revenue,completed,Merchant 2,Vendor 17,SET-00761,22033.42,396.6,0,INV-00761,Customer 9,2026-10-24,paid,Sales,Sales,INR
TXN-00762,2026-05-01,16336.01,expense,completed,Merchant 19,Vendor 15,SET-00762,16336.01,294.05,0,INV-00762,Customer 22,2026-10-04,pending,Travel,Finance,INR
TXN-00763,2026-07-14,8955.04,expense,completed,Merchant 14,Vendor 11,SET-00763,8955.04,161.19,0,INV-00763,Customer 12,2026-10-19,pending,Sales,Finance,INR
TXN-00764,2026-07-19,17073.02,revenue,completed,Merchant 6,Vendor 13,SET-00764,17073.02,307.31,0,INV-00764,Customer 24,2026-09-05,paid,Payroll,Sales,INR
TXN-00765,2026-06-14,20970.73,expense,completed,Merchant 7,Vendor 8,SET-00765,20970.73,377.47,0,INV-00765,Customer 46,2026-10-05,pending,Procurement,Finance,INR
TXN-00766,2026-08-06,9545.75,revenue,completed,Merchant 10,Vendor 9,SET-00766,9545.75,171.82,0,INV-00766,Customer 11,2026-10-20,paid,Software,Sales,INR
TXN-00767,2026-08-13,21316.51,expense,completed,Merchant 25,Vendor 19,SET-00767,21316.51,383.7,0,INV-00767,Customer 3,2026-09-10,pending,Software,Finance,INR
TXN-00768,2026-03-11,18277.74,expense,completed,Merchant 1,Vendor 3,SET-00768,18277.74,329.0,0,INV-00768,Customer 1,2026-10-21,pending,Operations,Finance,INR
TXN-00769,2026-01-02,17549.21,revenue,completed,Merchant 6,Vendor 8,SET-00769,17549.21,315.89,0,INV-00769,Customer 12,2026-09-14,paid,Payroll,Sales,INR
TXN-00770,2026-01-30,973.27,revenue,completed,Merchant 3,Vendor 3,SET-00770,973.27,17.52,0,INV-00770,Customer 13,2026-09-07,paid,Sales,Sales,INR
TXN-00771,2026-03-31,2297.05,expense,completed,Merchant 11,Vendor 10,SET-00771,2297.05,41.35,0,INV-00771,Customer 27,2026-10-15,pending,Sales,Finance,INR
TXN-00772,2026-08-26,8658.86,expense,completed,Merchant 3,Vendor 9,SET-00772,8658.86,155.86,0,INV-00772,Customer 11,2026-09-14,pending,Software,Finance,INR
TXN-00773,2026-06-28,15789.3,revenue,completed,Merchant 9,Vendor 5,SET-00773,15789.3,284.21,0,INV-00773,Customer 47,2026-09-19,paid,Marketing,Sales,INR
TXN-00774,2026-06-04,3956.09,expense,completed,Merchant 18,Vendor 2,SET-00774,3956.09,71.21,0,INV-00774,Customer 49,2026-09-07,pending,Procurement,Finance,INR
TXN-00775,2026-07-03,9938.24,expense,completed,Merchant 1,Vendor 8,SET-00775,9938.24,178.89,0,INV-00775,Customer 20,2026-10-19,pending,Software,Finance,INR
TXN-00776,2026-05-31,2808.13,expense,completed,Merchant 5,Vendor 7,SET-00776,2808.13,50.55,0,INV-00776,Customer 46,2026-09-26,pending,Procurement,Finance,INR
TXN-00777,2026-03-01,19886.11,expense,completed,Merchant 20,Vendor 3,SET-00777,19886.11,357.95,0,INV-00777,Customer 43,2026-09-28,pending,Travel,Finance,INR
TXN-00778,2026-02-19,3886.1,expense,completed,Merchant 19,Vendor 7,SET-00778,3652.93,69.95,0,INV-00778,Customer 7,2026-10-21,pending,Payroll,Finance,INR
TXN-00779,2026-03-08,6402.61,expense,completed,Merchant 17,Vendor 14,SET-00779,6402.61,115.25,0,INV-00779,Customer 34,2026-10-02,pending,Marketing,Finance,INR
TXN-00780,2026-07-05,1257.17,revenue,completed,Merchant 1,Vendor 8,SET-00780,1257.17,22.63,0,INV-00780,Customer 33,2026-09-16,paid,Operations,Sales,INR
TXN-00781,2026-08-19,15560.64,expense,completed,Merchant 6,Vendor 7,SET-00781,15560.64,280.09,0,INV-00781,Customer 20,2026-10-10,pending,Marketing,Finance,INR
TXN-00782,2026-02-27,4354.98,revenue,completed,Merchant 15,Vendor 11,SET-00782,4354.98,78.39,0,INV-00782,Customer 46,2026-10-13,paid,Payroll,Sales,INR
TXN-00783,2026-05-14,10214.69,expense,completed,Merchant 24,Vendor 10,SET-00783,10214.69,183.86,0,INV-00783,Customer 4,2026-10-17,pending,Travel,Finance,INR
TXN-00784,2026-01-13,2683.86,expense,completed,Merchant 11,Vendor 17,SET-00784,2683.86,48.31,0,INV-00784,Customer 16,2026-09-07,pending,Operations,Finance,INR
TXN-00785,2026-02-20,11813.01,revenue,completed,Merchant 11,Vendor 4,SET-00785,11813.01,212.63,0,INV-00785,Customer 33,2026-10-13,paid,Travel,Sales,INR
TXN-00786,2026-05-02,17301.36,expense,completed,Merchant 17,Vendor 10,SET-00786,17301.36,311.42,0,INV-00786,Customer 5,2026-09-04,pending,Payroll,Finance,INR
TXN-00787,2026-04-22,15781.63,revenue,completed,Merchant 16,Vendor 3,SET-00787,15781.63,284.07,0,INV-00787,Customer 17,2026-10-19,paid,Payroll,Sales,INR
TXN-00788,2026-08-07,11515.85,revenue,completed,Merchant 16,Vendor 14,SET-00788,11515.85,207.29,0,INV-00788,Customer 46,2026-09-21,paid,Travel,Sales,INR
TXN-00789,2026-07-05,19604.0,expense,completed,Merchant 11,Vendor 20,SET-00789,19604.0,352.87,0,INV-00789,Customer 4,2026-09-04,pending,Procurement,Finance,INR
TXN-00790,2026-08-25,2652.58,expense,completed,Merchant 9,Vendor 5,SET-00790,2652.58,47.75,0,INV-00790,Customer 3,2026-10-22,pending,Travel,Finance,INR
TXN-00791,2026-06-25,2048.32,revenue,completed,Merchant 20,Vendor 2,SET-00791,2048.32,36.87,0,INV-00791,Customer 20,2026-10-10,paid,Software,Sales,INR
TXN-00792,2026-01-22,11215.16,expense,completed,Merchant 5,Vendor 13,SET-00792,11215.16,201.87,0,INV-00792,Customer 45,2026-09-04,pending,Payroll,Finance,INR
TXN-00793,2026-08-21,1281.24,revenue,completed,Merchant 25,Vendor 5,SET-00793,1281.24,23.06,0,INV-00793,Customer 34,2026-09-04,paid,Payroll,Sales,INR
TXN-00794,2026-07-29,8242.18,revenue,completed,Merchant 18,Vendor 20,SET-00794,8242.18,148.36,0,INV-00794,Customer 27,2026-09-08,paid,Operations,Sales,INR
TXN-00795,2026-07-26,9978.4,revenue,completed,Merchant 14,Vendor 11,SET-00795,9978.4,179.61,0,INV-00795,Customer 24,2026-09-05,paid,Operations,Sales,INR
TXN-00796,2026-01-30,24307.87,expense,completed,Merchant 3,Vendor 9,SET-00796,24307.87,437.54,0,INV-00796,Customer 48,2026-10-25,pending,Payroll,Finance,INR
TXN-00797,2026-02-17,12082.84,expense,completed,Merchant 20,Vendor 10,SET-00797,12082.84,217.49,0,INV-00797,Customer 49,2026-09-27,pending,Sales,Finance,INR
TXN-00798,2026-02-03,18482.82,revenue,completed,Merchant 24,Vendor 7,SET-00798,18482.82,332.69,0,INV-00798,Customer 32,2026-09-04,paid,Procurement,Sales,INR
TXN-00799,2026-01-08,20152.96,expense,completed,Merchant 9,Vendor 17,SET-00799,20152.96,362.75,0,INV-00799,Customer 31,2026-10-20,pending,Payroll,Finance,INR
TXN-00800,2026-06-07,24417.67,revenue,completed,Merchant 11,Vendor 11,SET-00800,24417.67,439.52,0,INV-00800,Customer 12,2026-10-14,paid,Payroll,Sales,INR
TXN-00801,2026-06-18,17224.13,expense,completed,Merchant 14,Vendor 2,SET-00801,17224.13,310.03,0,INV-00801,Customer 1,2026-10-23,pending,Operations,Finance,INR
TXN-00802,2026-07-15,755.18,expense,completed,Merchant 9,Vendor 20,SET-00802,755.18,13.59,0,INV-00802,Customer 3,2026-10-25,pending,Software,Finance,INR
TXN-00803,2026-03-23,6084.1,expense,completed,Merchant 27,Vendor 9,SET-00803,6084.1,109.51,0,INV-00803,Customer 24,2026-09-17,pending,Marketing,Finance,INR
TXN-00804,2026-03-14,10163.09,expense,completed,Merchant 4,Vendor 8,SET-00804,10163.09,182.94,0,INV-00804,Customer 1,2026-10-26,pending,Payroll,Finance,INR
TXN-00805,2026-07-17,19029.11,expense,completed,Merchant 29,Vendor 19,SET-00805,19029.11,342.52,0,INV-00805,Customer 49,2026-10-26,pending,Operations,Finance,INR
TXN-00806,2026-07-06,24770.73,revenue,completed,Merchant 6,Vendor 5,SET-00806,24770.73,445.87,0,INV-00806,Customer 20,2026-09-14,paid,Travel,Sales,INR
TXN-00807,2026-08-03,9826.44,expense,completed,Merchant 10,Vendor 5,SET-00807,9826.44,176.88,0,INV-00807,Customer 16,2026-10-02,pending,Payroll,Finance,INR
TXN-00808,2026-01-15,16936.39,expense,completed,Merchant 12,Vendor 6,SET-00808,16936.39,304.86,0,INV-00808,Customer 21,2026-10-24,pending,Procurement,Finance,INR
TXN-00809,2026-07-10,21500.8,revenue,completed,Merchant 28,Vendor 18,SET-00809,21500.8,387.01,0,INV-00809,Customer 42,2026-10-26,paid,Software,Sales,INR
TXN-00810,2026-05-01,23681.06,expense,completed,Merchant 26,Vendor 15,SET-00810,23681.06,426.26,0,INV-00810,Customer 48,2026-10-23,pending,Procurement,Finance,INR
TXN-00811,2026-04-03,18371.32,revenue,completed,Merchant 8,Vendor 3,SET-00811,18371.32,330.68,0,INV-00811,Customer 7,2026-09-05,paid,Marketing,Sales,INR
TXN-00812,2026-01-07,22624.5,revenue,completed,Merchant 8,Vendor 12,SET-00812,22624.5,407.24,0,INV-00812,Customer 5,2026-10-07,paid,Software,Sales,INR
TXN-00813,2026-02-20,18657.1,expense,completed,Merchant 28,Vendor 15,SET-00813,18657.1,335.83,0,INV-00813,Customer 41,2026-09-23,pending,Marketing,Finance,INR
TXN-00814,2026-03-21,23874.59,expense,completed,Merchant 21,Vendor 19,SET-00814,23874.59,429.74,0,INV-00814,Customer 31,2026-09-18,pending,Marketing,Finance,INR
TXN-00815,2026-04-01,18607.23,expense,completed,Merchant 19,Vendor 4,SET-00815,17490.8,334.93,0,INV-00815,Customer 39,2026-10-05,pending,Procurement,Finance,INR
TXN-00816,2026-04-17,12358.62,revenue,completed,Merchant 1,Vendor 8,SET-00816,12358.62,222.46,0,INV-00816,Customer 14,2026-09-11,paid,Marketing,Sales,INR
TXN-00817,2026-06-18,23226.32,expense,completed,Merchant 23,Vendor 4,SET-00817,23226.32,418.07,0,INV-00817,Customer 42,2026-10-26,pending,Travel,Finance,INR
TXN-00818,2026-05-26,11807.52,revenue,completed,Merchant 14,Vendor 1,SET-00818,11807.52,212.54,0,INV-00818,Customer 46,2026-09-06,paid,Sales,Sales,INR
TXN-00819,2026-03-16,5003.34,revenue,completed,Merchant 27,Vendor 17,SET-00819,5003.34,90.06,0,INV-00819,Customer 48,2026-09-20,paid,Software,Sales,INR
TXN-00820,2026-06-04,19950.71,revenue,completed,Merchant 26,Vendor 2,SET-00820,19950.71,359.11,0,INV-00820,Customer 15,2026-09-21,paid,Payroll,Sales,INR
TXN-00821,2026-06-13,4364.65,expense,completed,Merchant 23,Vendor 3,SET-00821,4364.65,78.56,0,INV-00821,Customer 27,2026-09-10,pending,Marketing,Finance,INR
TXN-00822,2026-05-12,24794.85,expense,completed,Merchant 24,Vendor 6,SET-00822,24794.85,446.31,0,INV-00822,Customer 32,2026-10-02,pending,Procurement,Finance,INR
TXN-00823,2026-02-06,16876.86,revenue,completed,Merchant 20,Vendor 13,SET-00823,16876.86,303.78,0,INV-00823,Customer 36,2026-10-25,paid,Procurement,Sales,INR
TXN-00824,2026-08-22,4991.89,revenue,completed,Merchant 21,Vendor 18,SET-00824,4991.89,89.85,0,INV-00824,Customer 49,2026-09-05,paid,Procurement,Sales,INR
TXN-00825,2026-01-15,1808.72,expense,completed,Merchant 7,Vendor 17,SET-00825,1808.72,32.56,0,INV-00825,Customer 2,2026-10-25,pending,Travel,Finance,INR
TXN-00826,2026-08-27,13014.55,revenue,completed,Merchant 5,Vendor 18,SET-00826,13014.55,234.26,0,INV-00826,Customer 14,2026-09-07,paid,Operations,Sales,INR
TXN-00827,2026-04-19,20183.43,expense,completed,Merchant 5,Vendor 20,SET-00827,20183.43,363.3,0,INV-00827,Customer 45,2026-09-14,pending,Travel,Finance,INR
TXN-00828,2026-02-25,6227.63,expense,completed,Merchant 17,Vendor 15,SET-00828,6227.63,112.1,0,INV-00828,Customer 4,2026-09-03,pending,Procurement,Finance,INR
TXN-00829,2026-08-20,20165.8,revenue,completed,Merchant 23,Vendor 6,SET-00829,20165.8,362.98,0,INV-00829,Customer 48,2026-10-18,paid,Operations,Sales,INR
TXN-00830,2026-07-30,6186.07,expense,completed,Merchant 6,Vendor 8,SET-00830,6186.07,111.35,0,INV-00830,Customer 39,2026-09-09,pending,Procurement,Finance,INR
TXN-00831,2026-07-04,24412.65,revenue,completed,Merchant 24,Vendor 4,SET-00831,24412.65,439.43,1220.63,INV-00831,Customer 48,2026-09-27,paid,Payroll,Sales,INR
TXN-00832,2026-08-03,7177.19,revenue,completed,Merchant 14,Vendor 17,SET-00832,7177.19,129.19,0,INV-00832,Customer 4,2026-09-29,paid,Software,Sales,INR
TXN-00833,2026-08-11,21796.76,expense,completed,Merchant 3,Vendor 18,SET-00833,21796.76,392.34,0,INV-00833,Customer 44,2026-09-24,pending,Operations,Finance,INR
TXN-00834,2026-06-13,11769.28,expense,completed,Merchant 7,Vendor 18,SET-00834,11769.28,211.85,0,INV-00834,Customer 22,2026-09-24,pending,Procurement,Finance,INR
TXN-00835,2026-02-28,24914.76,revenue,completed,Merchant 6,Vendor 14,SET-00835,24914.76,448.47,0,INV-00835,Customer 23,2026-10-07,paid,Sales,Sales,INR
TXN-00836,2026-06-12,8095.94,expense,completed,Merchant 7,Vendor 15,SET-00836,8095.94,145.73,0,INV-00836,Customer 6,2026-09-07,pending,Operations,Finance,INR
TXN-00837,2026-03-17,3549.39,expense,completed,Merchant 6,Vendor 14,SET-00837,3549.39,63.89,0,INV-00837,Customer 31,2026-10-21,pending,Sales,Finance,INR
TXN-00838,2026-03-12,12090.17,expense,completed,Merchant 16,Vendor 17,SET-00838,12090.17,217.62,0,INV-00838,Customer 13,2026-09-28,pending,Travel,Finance,INR
TXN-00839,2026-03-01,12754.25,revenue,completed,Merchant 3,Vendor 12,SET-00839,12754.25,229.58,0,INV-00839,Customer 45,2026-09-22,paid,Software,Sales,INR
TXN-00840,2026-07-07,2960.78,expense,completed,Merchant 14,Vendor 11,SET-00840,2960.78,53.29,0,INV-00840,Customer 23,2026-10-13,pending,Payroll,Finance,INR
TXN-00841,2026-04-30,16314.68,expense,completed,Merchant 28,Vendor 19,SET-00841,16314.68,293.66,0,INV-00841,Customer 36,2026-08-29,pending,Software,Finance,INR
TXN-00842,2026-06-11,9184.57,expense,completed,Merchant 23,Vendor 13,SET-00842,9184.57,165.32,0,INV-00842,Customer 28,2026-10-07,pending,Marketing,Finance,INR
TXN-00843,2026-06-19,14078.39,revenue,completed,Merchant 24,Vendor 1,SET-00843,14078.39,253.41,0,INV-00843,Customer 44,2026-09-07,paid,Payroll,Sales,INR
TXN-00844,2026-04-13,17107.37,expense,completed,Merchant 26,Vendor 11,SET-00844,17107.37,307.93,0,INV-00844,Customer 38,2026-10-04,pending,Payroll,Finance,INR
TXN-00845,2026-02-10,8831.45,revenue,completed,Merchant 18,Vendor 18,SET-00845,8831.45,158.97,0,INV-00845,Customer 26,2026-10-09,paid,Operations,Sales,INR
TXN-00846,2026-08-18,3327.73,expense,completed,Merchant 29,Vendor 1,SET-00846,3327.73,59.9,0,INV-00846,Customer 40,2026-09-18,pending,Procurement,Finance,INR
TXN-00847,2026-03-12,11299.92,expense,completed,Merchant 12,Vendor 17,SET-00847,11299.92,203.4,0,INV-00847,Customer 2,2026-09-20,pending,Travel,Finance,INR
TXN-00848,2026-05-03,16159.65,expense,completed,Merchant 4,Vendor 11,SET-00848,16159.65,290.87,0,INV-00848,Customer 17,2026-09-22,pending,Travel,Finance,INR
TXN-00849,2026-07-24,910.56,expense,completed,Merchant 13,Vendor 3,SET-00849,910.56,16.39,0,INV-00849,Customer 24,2026-10-19,pending,Payroll,Finance,INR
TXN-00850,2026-03-27,7257.58,revenue,completed,Merchant 10,Vendor 16,SET-00850,7257.58,130.64,0,INV-00850,Customer 11,2026-10-12,paid,Sales,Sales,INR
TXN-00851,2026-02-23,2355.2,revenue,completed,Merchant 2,Vendor 5,SET-00851,2355.2,42.39,0,INV-00851,Customer 10,2026-09-17,paid,Operations,Sales,INR
TXN-00852,2026-03-09,1910.92,revenue,completed,Merchant 4,Vendor 4,SET-00852,1796.26,34.4,0,INV-00852,Customer 10,2026-10-03,paid,Travel,Sales,INR
TXN-00853,2026-02-08,19435.96,revenue,completed,Merchant 14,Vendor 7,SET-00853,19435.96,349.85,0,INV-00853,Customer 3,2026-10-15,paid,Sales,Sales,INR
TXN-00854,2026-06-11,10844.5,expense,completed,Merchant 28,Vendor 6,SET-00854,10844.5,195.2,0,INV-00854,Customer 39,2026-09-06,pending,Marketing,Finance,INR
TXN-00855,2026-02-11,2560.6,revenue,completed,Merchant 4,Vendor 2,SET-00855,2560.6,46.09,0,INV-00855,Customer 2,2026-09-18,paid,Payroll,Sales,INR
TXN-00856,2026-02-11,3252.23,revenue,completed,Merchant 4,Vendor 6,SET-00856,3252.23,58.54,0,INV-00856,Customer 13,2026-10-06,paid,Marketing,Sales,INR
TXN-00857,2026-08-08,9335.71,revenue,completed,Merchant 14,Vendor 11,SET-00857,9335.71,168.04,0,INV-00857,Customer 26,2026-09-24,paid,Marketing,Sales,INR
TXN-00858,2026-01-07,6199.81,expense,completed,Merchant 22,Vendor 6,SET-00858,6199.81,111.6,0,INV-00858,Customer 11,2026-09-09,pending,Operations,Finance,INR
TXN-00859,2026-06-17,15837.79,expense,completed,Merchant 2,Vendor 15,SET-00859,15837.79,285.08,0,INV-00859,Customer 34,2026-10-07,pending,Payroll,Finance,INR
TXN-00860,2026-05-21,19688.07,revenue,completed,Merchant 26,Vendor 19,SET-00860,19688.07,354.39,0,INV-00860,Customer 1,2026-09-26,paid,Sales,Sales,INR
TXN-00861,2026-03-28,15224.75,revenue,completed,Merchant 22,Vendor 13,SET-00861,15224.75,274.05,0,INV-00861,Customer 33,2026-09-07,paid,Procurement,Sales,INR
TXN-00862,2026-05-24,22913.47,revenue,completed,Merchant 17,Vendor 5,SET-00862,22913.47,412.44,0,INV-00862,Customer 32,2026-09-09,paid,Payroll,Sales,INR
TXN-00863,2026-06-15,4337.29,expense,completed,Merchant 1,Vendor 17,SET-00863,4337.29,78.07,0,INV-00863,Customer 45,2026-09-30,pending,Software,Finance,INR
TXN-00864,2026-06-21,10645.54,expense,completed,Merchant 7,Vendor 19,SET-00864,10645.54,191.62,0,INV-00864,Customer 25,2026-10-14,pending,Payroll,Finance,INR
TXN-00865,2026-05-03,8677.08,expense,completed,Merchant 19,Vendor 20,SET-00865,8677.08,156.19,0,INV-00865,Customer 11,2026-09-18,pending,Sales,Finance,INR
TXN-00866,2026-08-20,7089.23,revenue,completed,Merchant 7,Vendor 20,SET-00866,7089.23,127.61,0,INV-00866,Customer 1,2026-10-05,paid,Payroll,Sales,INR
TXN-00867,2026-07-13,8297.7,expense,completed,Merchant 18,Vendor 9,SET-00867,8297.7,149.36,0,INV-00867,Customer 40,2026-09-19,pending,Operations,Finance,INR
TXN-00868,2026-08-08,23825.36,expense,completed,Merchant 3,Vendor 16,SET-00868,23825.36,428.86,0,INV-00868,Customer 49,2026-08-31,pending,Operations,Finance,INR
TXN-00869,2026-05-27,19145.76,expense,completed,Merchant 14,Vendor 10,SET-00869,19145.76,344.62,0,INV-00869,Customer 38,2026-09-30,pending,Sales,Finance,INR
TXN-00870,2026-07-18,2638.02,revenue,completed,Merchant 5,Vendor 4,SET-00870,2638.02,47.48,0,INV-00870,Customer 25,2026-09-15,paid,Software,Sales,INR
TXN-00871,2026-07-05,11324.05,expense,completed,Merchant 26,Vendor 9,SET-00871,11324.05,203.83,0,INV-00871,Customer 6,2026-10-14,pending,Sales,Finance,INR
TXN-00872,2026-05-07,2890.64,expense,completed,Merchant 27,Vendor 10,SET-00872,2890.64,52.03,0,INV-00872,Customer 14,2026-09-02,pending,Payroll,Finance,INR
TXN-00873,2026-04-05,7308.55,expense,completed,Merchant 7,Vendor 17,SET-00873,7308.55,131.55,0,INV-00873,Customer 33,2026-10-01,pending,Sales,Finance,INR
TXN-00874,2026-08-10,11677.29,expense,completed,Merchant 11,Vendor 13,SET-00874,11677.29,210.19,0,INV-00874,Customer 44,2026-10-12,pending,Sales,Finance,INR
TXN-00875,2026-08-03,1635.1,revenue,completed,Merchant 5,Vendor 10,SET-00875,1635.1,29.43,0,INV-00875,Customer 4,2026-10-06,paid,Procurement,Sales,INR
TXN-00876,2026-08-06,9114.77,revenue,completed,Merchant 13,Vendor 8,SET-00876,9114.77,164.07,0,INV-00876,Customer 17,2026-10-20,paid,Travel,Sales,INR
TXN-00877,2026-01-07,11398.16,revenue,completed,Merchant 3,Vendor 3,SET-00877,11398.16,205.17,0,INV-00877,Customer 3,2026-09-11,paid,Sales,Sales,INR
TXN-00878,2026-01-21,21963.82,expense,completed,Merchant 24,Vendor 10,SET-00878,21963.82,395.35,0,INV-00878,Customer 22,2026-10-21,pending,Travel,Finance,INR
TXN-00879,2026-06-15,23941.04,revenue,completed,Merchant 27,Vendor 4,SET-00879,23941.04,430.94,0,INV-00879,Customer 42,2026-09-09,paid,Procurement,Sales,INR
TXN-00880,2026-02-11,8740.38,expense,completed,Merchant 8,Vendor 16,SET-00880,8740.38,157.33,0,INV-00880,Customer 15,2026-09-14,pending,Marketing,Finance,INR
TXN-00881,2026-03-19,275000,revenue,completed,Merchant 25,Vendor 3,SET-00881,275000,4950.0,0,INV-00881,Customer 41,2026-09-22,paid,Travel,Sales,INR
TXN-00882,2026-04-17,5699.93,expense,completed,Merchant 16,Vendor 11,SET-00882,5699.93,102.6,0,INV-00882,Customer 44,2026-09-01,pending,Payroll,Finance,INR
TXN-00883,2026-04-29,6184.81,expense,completed,Merchant 16,Vendor 17,SET-00883,6184.81,111.33,0,INV-00883,Customer 13,2026-10-27,pending,Marketing,Finance,INR
TXN-00884,2026-01-31,13256.14,revenue,completed,Merchant 18,Vendor 11,SET-00884,13256.14,238.61,0,INV-00884,Customer 26,2026-10-24,paid,Operations,Sales,INR
TXN-00885,2026-05-01,22522.59,revenue,completed,Merchant 16,Vendor 9,SET-00885,22522.59,405.41,0,INV-00885,Customer 37,2026-09-21,paid,Software,Sales,INR
TXN-00886,2026-05-31,19166.04,expense,completed,Merchant 11,Vendor 6,SET-00886,19166.04,344.99,0,INV-00886,Customer 22,2026-10-24,pending,Software,Finance,INR
TXN-00887,2026-01-29,9802.77,expense,completed,Merchant 5,Vendor 16,SET-00887,9802.77,176.45,0,INV-00887,Customer 38,2026-09-16,pending,Marketing,Finance,INR
TXN-00888,2026-02-15,14654.92,expense,completed,Merchant 11,Vendor 1,SET-00888,14654.92,263.79,0,INV-00888,Customer 21,2026-09-11,pending,Sales,Finance,INR
TXN-00889,2026-04-27,23940.83,revenue,completed,Merchant 21,Vendor 12,SET-00889,22504.38,430.93,0,INV-00889,Customer 37,2026-10-17,paid,Payroll,Sales,INR
TXN-00890,2026-08-26,12277.46,expense,completed,Merchant 21,Vendor 7,SET-00890,12277.46,220.99,0,INV-00890,Customer 35,2026-10-23,pending,Payroll,Finance,INR
TXN-00891,2026-06-04,9328.47,revenue,completed,Merchant 7,Vendor 10,SET-00891,9328.47,167.91,0,INV-00891,Customer 19,2026-10-13,paid,Operations,Sales,INR
TXN-00892,2026-02-23,10802.09,revenue,completed,Merchant 18,Vendor 3,SET-00892,10802.09,194.44,0,INV-00892,Customer 14,2026-09-30,paid,Travel,Sales,INR
TXN-00893,2026-03-02,18953.56,revenue,completed,Merchant 22,Vendor 4,SET-00893,18953.56,341.16,0,INV-00893,Customer 44,2026-09-16,paid,Software,Sales,INR
TXN-00894,2026-07-02,17116.23,revenue,completed,Merchant 22,Vendor 1,SET-00894,17116.23,308.09,0,INV-00894,Customer 18,2026-09-01,paid,Sales,Sales,INR
TXN-00895,2026-03-22,24242.09,revenue,completed,Merchant 29,Vendor 19,SET-00895,24242.09,436.36,0,INV-00895,Customer 45,2026-08-29,paid,Travel,Sales,INR
TXN-00896,2026-07-01,9075.67,expense,completed,Merchant 19,Vendor 18,SET-00896,9075.67,163.36,0,INV-00896,Customer 12,2026-08-29,pending,Travel,Finance,INR
TXN-00897,2026-08-20,24710.39,revenue,completed,Merchant 27,Vendor 8,SET-00897,24710.39,444.79,0,INV-00897,Customer 7,2026-09-11,paid,Software,Sales,INR
TXN-00898,2026-07-09,14844.09,expense,completed,Merchant 17,Vendor 11,SET-00898,14844.09,267.19,0,INV-00898,Customer 44,2026-09-22,pending,Sales,Finance,INR
TXN-00899,2026-08-01,2148.39,revenue,completed,Merchant 23,Vendor 14,SET-00899,2148.39,38.67,0,INV-00899,Customer 8,2026-10-21,paid,Payroll,Sales,INR
TXN-00900,2026-04-20,13102.87,expense,completed,Merchant 12,Vendor 1,SET-00900,13102.87,235.85,0,INV-00900,Customer 2,2026-09-01,pending,Sales,Finance,INR
TXN-00901,2026-07-05,4447.56,expense,completed,Merchant 12,Vendor 18,SET-00901,4447.56,80.06,0,INV-00901,Customer 9,2026-09-20,pending,Marketing,Finance,INR
TXN-00902,2026-02-11,13816.32,expense,completed,Merchant 6,Vendor 5,SET-00902,13816.32,248.69,0,INV-00902,Customer 10,2026-09-05,pending,Travel,Finance,INR
TXN-00903,2026-05-09,4420.87,revenue,completed,Merchant 19,Vendor 19,SET-00903,4420.87,79.58,0,INV-00903,Customer 7,2026-10-03,paid,Sales,Sales,INR
TXN-00904,2026-07-12,11851.55,expense,completed,Merchant 1,Vendor 2,SET-00904,11851.55,213.33,0,INV-00904,Customer 16,2026-09-25,pending,Operations,Finance,INR
TXN-00905,2026-01-02,23180.28,revenue,completed,Merchant 8,Vendor 12,SET-00905,23180.28,417.25,0,INV-00905,Customer 16,2026-10-17,paid,Software,Sales,INR
TXN-00906,2026-04-20,14929.91,expense,completed,Merchant 11,Vendor 16,SET-00906,14929.91,268.74,0,INV-00906,Customer 49,2026-08-31,pending,Operations,Finance,INR
TXN-00907,2026-05-09,11589.33,revenue,completed,Merchant 8,Vendor 2,SET-00907,11589.33,208.61,0,INV-00907,Customer 39,2026-10-27,paid,Operations,Sales,INR
TXN-00908,2026-01-22,2202.81,revenue,completed,Merchant 25,Vendor 11,SET-00908,2202.81,39.65,0,INV-00908,Customer 49,2026-09-03,paid,Marketing,Sales,INR
TXN-00909,2026-03-20,10877.98,revenue,completed,Merchant 3,Vendor 17,SET-00909,10877.98,195.8,0,INV-00909,Customer 29,2026-09-13,paid,Payroll,Sales,INR
TXN-00910,2026-04-21,4715.82,revenue,completed,Merchant 11,Vendor 4,SET-00910,4715.82,84.88,0,INV-00910,Customer 46,2026-09-30,paid,Sales,Sales,INR
TXN-00911,2026-05-08,14882.8,revenue,completed,Merchant 4,Vendor 6,SET-00911,14882.8,267.89,0,INV-00911,Customer 41,2026-10-18,paid,Software,Sales,INR
TXN-00912,2026-03-27,12918.89,expense,completed,Merchant 2,Vendor 4,SET-00912,12918.89,232.54,0,INV-00912,Customer 34,2026-10-15,pending,Payroll,Finance,INR
TXN-00913,2026-02-13,13010.66,revenue,completed,Merchant 8,Vendor 7,SET-00913,13010.66,234.19,0,INV-00913,Customer 28,2026-09-14,paid,Payroll,Sales,INR
TXN-00914,2026-08-20,2740.73,expense,completed,Merchant 15,Vendor 1,SET-00914,2740.73,49.33,137.04,INV-00914,Customer 45,2026-09-12,pending,Payroll,Finance,INR
TXN-00915,2026-04-15,2973.82,expense,completed,Merchant 3,Vendor 18,SET-00915,2973.82,53.53,0,INV-00915,Customer 44,2026-09-16,pending,Marketing,Finance,INR
TXN-00916,2026-06-19,6580.11,expense,completed,Merchant 22,Vendor 11,SET-00916,6580.11,118.44,0,INV-00916,Customer 15,2026-08-31,pending,Sales,Finance,INR
TXN-00917,2026-04-21,17366.46,expense,completed,Merchant 3,Vendor 5,SET-00917,17366.46,312.6,0,INV-00917,Customer 6,2026-09-02,pending,Software,Finance,INR
TXN-00918,2026-08-24,24769.88,revenue,completed,Merchant 21,Vendor 4,SET-00918,24769.88,445.86,0,INV-00918,Customer 25,2026-09-30,paid,Payroll,Sales,INR
TXN-00919,2026-01-26,6698.31,expense,completed,Merchant 22,Vendor 16,SET-00919,6698.31,120.57,0,INV-00919,Customer 37,2026-10-19,pending,Sales,Finance,INR
TXN-00920,2026-05-31,2054.83,expense,completed,Merchant 27,Vendor 16,SET-00920,2054.83,36.99,0,INV-00920,Customer 9,2026-09-07,pending,Software,Finance,INR
TXN-00921,2026-06-18,11214.58,expense,completed,Merchant 22,Vendor 1,SET-00921,11214.58,201.86,0,INV-00921,Customer 45,2026-09-09,pending,Travel,Finance,INR
TXN-00922,2026-07-22,19841.24,revenue,completed,Merchant 26,Vendor 3,SET-00922,19841.24,357.14,0,INV-00922,Customer 8,2026-10-19,paid,Marketing,Sales,INR
TXN-00923,2026-05-30,1817.06,revenue,completed,Merchant 24,Vendor 9,SET-00923,1817.06,32.71,0,INV-00923,Customer 23,2026-09-08,paid,Payroll,Sales,INR
TXN-00924,2026-07-31,10462.89,expense,completed,Merchant 9,Vendor 6,SET-00924,10462.89,188.33,0,INV-00924,Customer 29,2026-09-26,pending,Operations,Finance,INR
TXN-00925,2026-05-20,3734.58,revenue,completed,Merchant 24,Vendor 14,SET-00925,3734.58,67.22,0,INV-00925,Customer 16,2026-10-08,paid,Operations,Sales,INR
TXN-00926,2026-01-30,18062.66,expense,completed,Merchant 26,Vendor 13,SET-00926,16978.9,325.13,0,INV-00926,Customer 6,2026-10-10,pending,Operations,Finance,INR
TXN-00927,2026-08-12,4248.61,revenue,completed,Merchant 12,Vendor 3,SET-00927,4248.61,76.47,0,INV-00927,Customer 20,2026-10-05,paid,Marketing,Sales,INR
TXN-00928,2026-06-14,24249.06,expense,completed,Merchant 26,Vendor 19,SET-00928,24249.06,436.48,0,INV-00928,Customer 35,2026-09-10,pending,Marketing,Finance,INR
TXN-00929,2026-03-28,12332.67,revenue,completed,Merchant 5,Vendor 12,SET-00929,12332.67,221.99,0,INV-00929,Customer 23,2026-09-30,paid,Travel,Sales,INR
TXN-00930,2026-06-18,15678.44,revenue,completed,Merchant 17,Vendor 5,SET-00930,15678.44,282.21,0,INV-00930,Customer 33,2026-08-30,paid,Sales,Sales,INR
TXN-00931,2026-02-17,16771.85,expense,completed,Merchant 2,Vendor 18,SET-00931,16771.85,301.89,0,INV-00931,Customer 19,2026-09-15,pending,Software,Finance,INR
TXN-00932,2026-05-13,19635.2,expense,completed,Merchant 16,Vendor 8,SET-00932,19635.2,353.43,0,INV-00932,Customer 46,2026-10-27,pending,Procurement,Finance,INR
TXN-00933,2026-03-17,13829.02,expense,completed,Merchant 13,Vendor 2,SET-00933,13829.02,248.92,0,INV-00933,Customer 17,2026-09-28,pending,Marketing,Finance,INR
TXN-00934,2026-08-09,18367.3,revenue,completed,Merchant 12,Vendor 10,SET-00934,18367.3,330.61,0,INV-00934,Customer 30,2026-09-21,paid,Software,Sales,INR
TXN-00935,2026-02-23,18467.5,expense,completed,Merchant 27,Vendor 8,SET-00935,18467.5,332.41,0,INV-00935,Customer 28,2026-10-09,pending,Payroll,Finance,INR
TXN-00936,2026-06-27,16063.29,expense,completed,Merchant 1,Vendor 9,SET-00936,16063.29,289.14,0,INV-00936,Customer 36,2026-09-01,pending,Marketing,Finance,INR
TXN-00937,2026-04-22,10535.92,expense,completed,Merchant 20,Vendor 17,SET-00937,10535.92,189.65,0,INV-00937,Customer 43,2026-10-23,pending,Marketing,Finance,INR
TXN-00938,2026-05-01,8839.78,revenue,completed,Merchant 4,Vendor 6,SET-00938,8839.78,159.12,0,INV-00938,Customer 32,2026-09-04,paid,Marketing,Sales,INR
TXN-00939,2026-05-05,7111.54,revenue,completed,Merchant 2,Vendor 5,SET-00939,7111.54,128.01,0,INV-00939,Customer 22,2026-10-22,paid,Sales,Sales,INR
TXN-00940,2026-02-09,7570.03,expense,completed,Merchant 11,Vendor 5,SET-00940,7570.03,136.26,0,INV-00940,Customer 42,2026-09-09,pending,Payroll,Finance,INR
TXN-00941,2026-01-16,9129.46,revenue,completed,Merchant 22,Vendor 8,SET-00941,9129.46,164.33,0,INV-00941,Customer 22,2026-08-31,paid,Procurement,Sales,INR
TXN-00942,2026-04-20,22322.87,revenue,completed,Merchant 14,Vendor 7,SET-00942,22322.87,401.81,0,INV-00942,Customer 10,2026-10-17,paid,Procurement,Sales,INR
TXN-00943,2026-01-29,12976.28,expense,completed,Merchant 29,Vendor 9,SET-00943,12976.28,233.57,0,INV-00943,Customer 29,2026-09-30,pending,Sales,Finance,INR
TXN-00944,2026-04-11,24676.63,expense,completed,Merchant 13,Vendor 6,SET-00944,24676.63,444.18,0,INV-00944,Customer 25,2026-10-18,pending,Software,Finance,INR
TXN-00945,2026-03-24,3294.71,expense,completed,Merchant 11,Vendor 5,SET-00945,3294.71,59.3,0,INV-00945,Customer 44,2026-08-31,pending,Travel,Finance,INR
TXN-00946,2026-05-29,5567.94,revenue,completed,Merchant 22,Vendor 19,SET-00946,5567.94,100.22,0,INV-00946,Customer 40,2026-09-12,paid,Marketing,Sales,INR
TXN-00947,2026-08-07,5404.66,revenue,completed,Merchant 28,Vendor 8,SET-00947,5404.66,97.28,0,INV-00947,Customer 15,2026-09-28,paid,Travel,Sales,INR
TXN-00948,2026-05-27,3471.43,expense,completed,Merchant 11,Vendor 17,SET-00948,3471.43,62.49,0,INV-00948,Customer 42,2026-10-22,pending,Travel,Finance,INR
TXN-00949,2026-02-01,12995.8,revenue,completed,Merchant 8,Vendor 7,SET-00949,12995.8,233.92,0,INV-00949,Customer 29,2026-09-17,paid,Sales,Sales,INR
TXN-00950,2026-02-28,877.04,expense,completed,Merchant 4,Vendor 11,SET-00950,877.04,15.79,0,INV-00950,Customer 26,2026-09-13,pending,Payroll,Finance,INR
TXN-00951,2026-05-31,6467.53,expense,completed,Merchant 8,Vendor 13,SET-00951,6467.53,116.42,0,INV-00951,Customer 41,2026-08-31,pending,Travel,Finance,INR
TXN-00952,2026-07-18,7094.93,expense,completed,Merchant 23,Vendor 16,SET-00952,7094.93,127.71,0,INV-00952,Customer 30,2026-08-29,pending,Software,Finance,INR
TXN-00953,2026-06-03,11817.67,expense,completed,Merchant 20,Vendor 6,SET-00953,11817.67,212.72,0,INV-00953,Customer 39,2026-10-21,pending,Sales,Finance,INR
TXN-00954,2026-01-27,4415.2,expense,completed,Merchant 9,Vendor 15,SET-00954,4415.2,79.47,0,INV-00954,Customer 6,2026-09-17,pending,Sales,Finance,INR
TXN-00955,2026-01-18,17482.34,revenue,completed,Merchant 3,Vendor 3,SET-00955,17482.34,314.68,0,INV-00955,Customer 12,2026-09-21,paid,Software,Sales,INR
TXN-00956,2026-04-27,10553.37,expense,completed,Merchant 10,Vendor 12,SET-00956,10553.37,189.96,0,INV-00956,Customer 34,2026-09-21,pending,Payroll,Finance,INR
TXN-00957,2026-05-16,2955.1,revenue,completed,Merchant 16,Vendor 4,SET-00957,2955.1,53.19,0,INV-00957,Customer 24,2026-09-16,paid,Procurement,Sales,INR
TXN-00958,2026-04-10,5901.71,revenue,completed,Merchant 12,Vendor 11,SET-00958,5901.71,106.23,0,INV-00958,Customer 39,2026-10-07,paid,Travel,Sales,INR
TXN-00959,2026-01-22,7457.63,expense,completed,Merchant 20,Vendor 12,SET-00959,7457.63,134.24,0,INV-00959,Customer 8,2026-09-21,pending,Payroll,Finance,INR
TXN-00960,2026-06-22,3870.12,expense,completed,Merchant 28,Vendor 4,SET-00960,3870.12,69.66,0,INV-00960,Customer 22,2026-09-08,pending,Sales,Finance,INR
TXN-00961,2026-04-03,23943.93,revenue,completed,Merchant 8,Vendor 13,SET-00961,23943.93,430.99,0,INV-00961,Customer 1,2026-09-08,paid,Payroll,Sales,INR
TXN-00962,2026-04-25,16787.36,revenue,completed,Merchant 12,Vendor 13,SET-00962,16787.36,302.17,0,INV-00962,Customer 17,2026-09-12,paid,Operations,Sales,INR
TXN-00963,2026-08-23,4532.62,expense,completed,Merchant 12,Vendor 2,SET-00963,4260.66,81.59,0,INV-00963,Customer 2,2026-09-22,pending,Operations,Finance,INR
TXN-00964,2026-06-22,17216.78,expense,completed,Merchant 2,Vendor 16,SET-00964,17216.78,309.9,0,INV-00964,Customer 35,2026-09-28,pending,Procurement,Finance,INR
TXN-00965,2026-01-18,13768.59,revenue,completed,Merchant 21,Vendor 6,SET-00965,13768.59,247.83,0,INV-00965,Customer 45,2026-09-09,paid,Marketing,Sales,INR
TXN-00966,2026-07-17,17702.36,revenue,completed,Merchant 6,Vendor 17,SET-00966,17702.36,318.64,0,INV-00966,Customer 21,2026-09-16,paid,Travel,Sales,INR
TXN-00967,2026-07-07,18055.05,revenue,completed,Merchant 20,Vendor 4,SET-00967,18055.05,324.99,0,INV-00967,Customer 9,2026-09-15,paid,Marketing,Sales,INR
TXN-00968,2026-05-20,17126.38,expense,completed,Merchant 20,Vendor 19,SET-00968,17126.38,308.27,0,INV-00968,Customer 15,2026-10-10,pending,Sales,Finance,INR
TXN-00969,2026-07-12,14383.79,expense,completed,Merchant 28,Vendor 12,SET-00969,14383.79,258.91,0,INV-00969,Customer 32,2026-09-26,pending,Travel,Finance,INR
TXN-00970,2026-06-17,20642.82,revenue,completed,Merchant 4,Vendor 3,SET-00970,20642.82,371.57,0,INV-00970,Customer 40,2026-10-07,paid,Software,Sales,INR
TXN-00971,2026-08-05,7055.56,revenue,completed,Merchant 3,Vendor 6,SET-00971,7055.56,127.0,0,INV-00971,Customer 34,2026-08-30,paid,Software,Sales,INR
TXN-00972,2026-08-01,11280.68,revenue,completed,Merchant 27,Vendor 15,SET-00972,11280.68,203.05,0,INV-00972,Customer 35,2026-09-13,paid,Procurement,Sales,INR
TXN-00973,2026-08-19,5474.41,revenue,completed,Merchant 21,Vendor 11,SET-00973,5474.41,98.54,0,INV-00973,Customer 39,2026-08-30,paid,Operations,Sales,INR
TXN-00974,2026-08-21,9631.65,expense,completed,Merchant 3,Vendor 1,SET-00974,9631.65,173.37,0,INV-00974,Customer 40,2026-10-14,pending,Software,Finance,INR
TXN-00975,2026-03-16,4412.22,revenue,completed,Merchant 22,Vendor 9,SET-00975,4412.22,79.42,0,INV-00975,Customer 20,2026-10-26,paid,Payroll,Sales,INR
TXN-00976,2026-04-23,21816.62,revenue,completed,Merchant 20,Vendor 9,SET-00976,21816.62,392.7,0,INV-00976,Customer 36,2026-10-27,paid,Software,Sales,INR
TXN-00977,2026-02-28,18438.02,revenue,completed,Merchant 10,Vendor 3,SET-00977,18438.02,331.88,0,INV-00977,Customer 43,2026-10-03,paid,Sales,Sales,INR
TXN-00978,2026-05-19,9855.45,revenue,completed,Merchant 15,Vendor 13,SET-00978,9855.45,177.4,0,INV-00978,Customer 30,2026-10-21,paid,Operations,Sales,INR
TXN-00979,2026-07-10,7388.55,revenue,completed,Merchant 27,Vendor 17,SET-00979,7388.55,132.99,0,INV-00979,Customer 16,2026-09-06,paid,Payroll,Sales,INR
TXN-00980,2026-02-27,10204.28,expense,completed,Merchant 4,Vendor 7,SET-00980,10204.28,183.68,0,INV-00980,Customer 29,2026-10-18,pending,Marketing,Finance,INR
TXN-00981,2026-05-09,12991.27,expense,completed,Merchant 16,Vendor 1,SET-00981,12991.27,233.84,0,INV-00981,Customer 40,2026-10-16,pending,Procurement,Finance,INR
TXN-00982,2026-02-10,10329.53,expense,completed,Merchant 12,Vendor 16,SET-00982,10329.53,185.93,0,INV-00982,Customer 47,2026-10-26,pending,Payroll,Finance,INR
TXN-00983,2026-07-15,4329.49,expense,completed,Merchant 5,Vendor 14,SET-00983,4329.49,77.93,0,INV-00983,Customer 12,2026-09-28,pending,Travel,Finance,INR
TXN-00984,2026-02-20,19781.09,revenue,completed,Merchant 21,Vendor 8,SET-00984,19781.09,356.06,0,INV-00984,Customer 23,2026-10-04,paid,Procurement,Sales,INR
TXN-00985,2026-03-31,6960.3,revenue,completed,Merchant 21,Vendor 4,SET-00985,6960.3,125.29,0,INV-00985,Customer 31,2026-09-16,paid,Sales,Sales,INR
TXN-00986,2026-07-26,8235.05,revenue,completed,Merchant 1,Vendor 10,SET-00986,8235.05,148.23,0,INV-00986,Customer 17,2026-10-18,paid,Procurement,Sales,INR
TXN-00987,2026-06-03,14027.55,revenue,completed,Merchant 19,Vendor 5,SET-00987,14027.55,252.5,0,INV-00987,Customer 45,2026-10-17,paid,Operations,Sales,INR
TXN-00988,2026-01-25,16969.59,expense,completed,Merchant 26,Vendor 14,SET-00988,16969.59,305.45,0,INV-00988,Customer 30,2026-09-25,pending,Procurement,Finance,INR
TXN-00989,2026-01-26,5132.83,expense,completed,Merchant 5,Vendor 14,SET-00989,5132.83,92.39,0,INV-00989,Customer 12,2026-09-30,pending,Operations,Finance,INR
TXN-00990,2026-08-10,5919.15,expense,completed,Merchant 14,Vendor 13,SET-00990,5919.15,106.54,0,INV-00990,Customer 18,2026-09-07,pending,Software,Finance,INR
TXN-00991,2026-08-04,18186.94,revenue,completed,Merchant 7,Vendor 6,SET-00991,18186.94,327.36,0,INV-00991,Customer 31,2026-10-05,paid,Travel,Sales,INR
TXN-00992,2026-05-09,11271.94,revenue,completed,Merchant 16,Vendor 4,SET-00992,11271.94,202.89,0,INV-00992,Customer 2,2026-10-27,paid,Procurement,Sales,INR
TXN-00993,2026-08-16,11385.51,revenue,completed,Merchant 25,Vendor 19,SET-00993,11385.51,204.94,0,INV-00993,Customer 7,2026-10-02,paid,Sales,Sales,INR
TXN-00994,2026-03-20,21325.29,revenue,completed,Merchant 21,Vendor 20,SET-00994,21325.29,383.86,0,INV-00994,Customer 15,2026-10-04,paid,Operations,Sales,INR
TXN-00995,2026-05-03,9605.39,expense,completed,Merchant 26,Vendor 3,SET-00995,9605.39,172.9,0,INV-00995,Customer 42,2026-09-08,pending,Payroll,Finance,INR
TXN-00996,2026-05-21,4257.97,expense,completed,Merchant 26,Vendor 4,SET-00996,4257.97,76.64,0,INV-00996,Customer 4,2026-10-21,pending,Travel,Finance,INR
TXN-00997,2026-02-22,5337.04,revenue,completed,Merchant 3,Vendor 9,SET-00997,5337.04,96.07,266.85,INV-00997,Customer 17,2026-10-21,paid,Software,Sales,INR
TXN-00998,2026-03-06,12489.24,expense,completed,Merchant 1,Vendor 10,SET-00998,12489.24,224.81,0,INV-00998,Customer 30,2026-09-12,pending,Marketing,Finance,INR
TXN-00999,2026-07-05,19817.99,revenue,completed,Merchant 14,Vendor 4,SET-00999,19817.99,356.72,0,INV-00999,Customer 49,2026-09-12,paid,Procurement,Sales,INR
TXN-01000,2026-07-11,3303.87,revenue,completed,Merchant 4,Vendor 15,SET-01000,3105.64,59.47,0,INV-01000,Customer 45,2026-09-29,paid,Procurement,Sales,INR
